lesson,source_file,pdf_page,source_heading,role,planned_anchor,chapter,status
b7,Lession_7_Data_Engineering_Ingestion_Layer.pdf,1,EDAI-K9 / Data Engineering: / Ingestion Layer,cover,b7/hero,Source identity / course introduction,implemented; see ../reviews/b7-coverage-ledger.md for substantive-unit verdicts
b7,Lession_7_Data_Engineering_Ingestion_Layer.pdf,2,Learn / About The Kafka Ecosystem02/ / Sources systems01/,agenda,b7/navigation,"Agenda, including named-only supplements",implemented; see ../reviews/b7-coverage-ledger.md for substantive-unit verdicts
b7,Lession_7_Data_Engineering_Ingestion_Layer.pdf,3,Source / systems Type of source system / 02/,chapter divider,b7/ch01,Source systems chapter divider,implemented; see ../reviews/b7-coverage-ledger.md for substantive-unit verdicts
b7,Lession_7_Data_Engineering_Ingestion_Layer.pdf,4,Introduction - Data Architecture / Data / Sources,chapter material or chapter divider,b7/ch01,The order leaves its source,implemented; see ../reviews/b7-coverage-ledger.md for substantive-unit verdicts
b7,Lession_7_Data_Engineering_Ingestion_Layer.pdf,5,Introduction - Ingestion Layer / Data / Sources,chapter material or chapter divider,b7/ch01,The order leaves its source,implemented; see ../reviews/b7-coverage-ledger.md for substantive-unit verdicts
b7,Lession_7_Data_Engineering_Ingestion_Layer.pdf,6,"Source System definition / Source systems are the primary origin of data, where information is generated or stored / before being ingested into the data platform.",chapter material or chapter divider,b7/ch01,The order leaves its source,implemented; see ../reviews/b7-coverage-ledger.md for substantive-unit verdicts
b7,Lession_7_Data_Engineering_Ingestion_Layer.pdf,7,Source systems / Data Quality / ● Garbage in = Garbage out.,chapter material or chapter divider,b7/ch01,The order leaves its source,implemented; see ../reviews/b7-coverage-ledger.md for substantive-unit verdicts
b7,Lession_7_Data_Engineering_Ingestion_Layer.pdf,8,Types of Source Systems / There are some types of source systems: / File and unstructured data,chapter material or chapter divider,b7/ch02,"Different sources, different clocks",implemented; see ../reviews/b7-coverage-ledger.md for substantive-unit verdicts
b7,Lession_7_Data_Engineering_Ingestion_Layer.pdf,9,Types of Source Systems / File and unstructured data / ● A file is a collection of data stored in a computer system. And it,chapter material or chapter divider,b7/ch02,"Different sources, different clocks",implemented; see ../reviews/b7-coverage-ledger.md for substantive-unit verdicts
b7,Lession_7_Data_Engineering_Ingestion_Layer.pdf,10,Types of Source Systems / File and unstructured data / ● Unstructured data has no predefined format. It,chapter material or chapter divider,b7/ch02,"Different sources, different clocks",implemented; see ../reviews/b7-coverage-ledger.md for substantive-unit verdicts
b7,Lession_7_Data_Engineering_Ingestion_Layer.pdf,11,Types of Source Systems / Change Data Capture (CDC) / Change Data Capture (CDC),chapter material or chapter divider,b7/ch03,"Capture the change, including the deletion",implemented; see ../reviews/b7-coverage-ledger.md for substantive-unit verdicts
b7,Lession_7_Data_Engineering_Ingestion_Layer.pdf,12,Change Data Capture (CDC) / Timestamp-Based CDC / Timestamp-Based CDC,chapter material or chapter divider,b7/ch03,"Capture the change, including the deletion",implemented; see ../reviews/b7-coverage-ledger.md for substantive-unit verdicts
b7,Lession_7_Data_Engineering_Ingestion_Layer.pdf,13,Change Data Capture (CDC) / Trigger-based CDC / Trigger-based CDC,chapter material or chapter divider,b7/ch03,"Capture the change, including the deletion",implemented; see ../reviews/b7-coverage-ledger.md for substantive-unit verdicts
b7,Lession_7_Data_Engineering_Ingestion_Layer.pdf,14,Change Data Capture (CDC) / Log-based CDC / Log-based CDC,chapter material or chapter divider,b7/ch03,"Capture the change, including the deletion",implemented; see ../reviews/b7-coverage-ledger.md for substantive-unit verdicts
b7,Lession_7_Data_Engineering_Ingestion_Layer.pdf,15,Types of Source Systems / OLTP Systems / ● OLTP (Online Transaction Processing) systems are designed to handle daily operational,chapter material or chapter divider,b7/ch02,"Different sources, different clocks",implemented; see ../reviews/b7-coverage-ledger.md for substantive-unit verdicts
b7,Lession_7_Data_Engineering_Ingestion_Layer.pdf,16,Types of Source Systems / OLAP Systems / ● OLAP (Online Analytical Processing) systems are designed for analysis and reporting.,chapter material or chapter divider,b7/ch02,"Different sources, different clocks",implemented; see ../reviews/b7-coverage-ledger.md for substantive-unit verdicts
b7,Lession_7_Data_Engineering_Ingestion_Layer.pdf,17,"Types of Source Systems / OLTP, OLAP Data Structures / Row-based storage is optimized for transactional workloads (OLTP), column-based for",chapter material or chapter divider,b7/ch02,"Different sources, different clocks",implemented; see ../reviews/b7-coverage-ledger.md for substantive-unit verdicts
b7,Lession_7_Data_Engineering_Ingestion_Layer.pdf,18,Online analytical processing (OLAP) Online transactional processing (OLTP) / Purpose Analyze large volume of data Process a large number of real-time / transactions,chapter material or chapter divider,b7/ch02,"Different sources, different clocks",implemented; see ../reviews/b7-coverage-ledger.md for substantive-unit verdicts
b7,Lession_7_Data_Engineering_Ingestion_Layer.pdf,19,Types of Source Systems / Logs / Logs,chapter material or chapter divider,b7/ch02,"Different sources, different clocks",implemented; see ../reviews/b7-coverage-ledger.md for substantive-unit verdicts
b7,Lession_7_Data_Engineering_Ingestion_Layer.pdf,20,The Kafka / Ecosystem Introduction02/ / Motivation01/,chapter material or chapter divider,b7/ch04,"One event, several destinations",implemented; see ../reviews/b7-coverage-ledger.md for substantive-unit verdicts
b7,Lession_7_Data_Engineering_Ingestion_Layer.pdf,21,"Motivation / ● We builds an e-commerce system where all orders / are stored in a production database. Soon, analytics,",chapter material or chapter divider,b7/ch04,"One event, several destinations",implemented; see ../reviews/b7-coverage-ledger.md for substantive-unit verdicts
b7,Lession_7_Data_Engineering_Ingestion_Layer.pdf,22,"Kafka Introduction / Apache Kafka is a distributed event streaming platform designed to publish, store, and process streams of / records in real time.",chapter material or chapter divider,b7/ch04,"One event, several destinations",implemented; see ../reviews/b7-coverage-ledger.md for substantive-unit verdicts
b7,Lession_7_Data_Engineering_Ingestion_Layer.pdf,23,Kafka Architecture / Producer 1 / Producer 2,chapter material or chapter divider,b7/ch04,"One event, several destinations",implemented; see ../reviews/b7-coverage-ledger.md for substantive-unit verdicts
b7,Lession_7_Data_Engineering_Ingestion_Layer.pdf,24,The Kafka Ecosystem / Kafka core / Producer 1,chapter material or chapter divider,b7/ch04,"One event, several destinations",implemented; see ../reviews/b7-coverage-ledger.md for substantive-unit verdicts
b7,Lession_7_Data_Engineering_Ingestion_Layer.pdf,25,The Kafka Ecosystem / Kafka extended API / Source,chapter material or chapter divider,b7/ch04,"One event, several destinations",implemented; see ../reviews/b7-coverage-ledger.md for substantive-unit verdicts
b7,Lession_7_Data_Engineering_Ingestion_Layer.pdf,26,Fundamental / s of Kafka Producer fundamentals02/ / Core Concepts01/,chapter material or chapter divider,b7/ch05,A topic becomes parallel lanes,implemented; see ../reviews/b7-coverage-ledger.md for substantive-unit verdicts
b7,Lession_7_Data_Engineering_Ingestion_Layer.pdf,27,Overview of Kafka Core Concepts / Kafka is a distributed system designed to handle huge streams of data in real-time through six / core building blocks.,chapter material or chapter divider,b7/ch05,A topic becomes parallel lanes,implemented; see ../reviews/b7-coverage-ledger.md for substantive-unit verdicts
b7,Lession_7_Data_Engineering_Ingestion_Layer.pdf,28,Core Concept / A topic is a named channel where producers send / messages and consumers read from - organizing data by,chapter material or chapter divider,b7/ch05,A topic becomes parallel lanes,implemented; see ../reviews/b7-coverage-ledger.md for substantive-unit verdicts
b7,Lession_7_Data_Engineering_Ingestion_Layer.pdf,29,Core Concept / Partition – Unit of Parallelism / ● A partition is a subdivision of a topic.,chapter material or chapter divider,b7/ch05,A topic becomes parallel lanes,implemented; see ../reviews/b7-coverage-ledger.md for substantive-unit verdicts
b7,Lession_7_Data_Engineering_Ingestion_Layer.pdf,30,"Partition / Parallel processing / Each partition can be processed independently by a separate consumer, which increases",chapter material or chapter divider,b7/ch06,More lanes do not mean free speed,implemented; see ../reviews/b7-coverage-ledger.md for substantive-unit verdicts
b7,Lession_7_Data_Engineering_Ingestion_Layer.pdf,31,Partition / Horizontal scaling / More traffic? Add more machines. Partitions can be redistributed across brokers when the,chapter material or chapter divider,b7/ch06,More lanes do not mean free speed,implemented; see ../reviews/b7-coverage-ledger.md for substantive-unit verdicts
b7,Lession_7_Data_Engineering_Ingestion_Layer.pdf,32,Partition / High throughput / Single queue (slow),chapter material or chapter divider,b7/ch06,More lanes do not mean free speed,implemented; see ../reviews/b7-coverage-ledger.md for substantive-unit verdicts
b7,Lession_7_Data_Engineering_Ingestion_Layer.pdf,33,Deciding the number of partitions depends on many factors: / ● Throughput Requirements / ○ Kafka partitions scale horizontally. A single partition can typically handle 5–10 MB/s,chapter material or chapter divider,b7/ch06,More lanes do not mean free speed,implemented; see ../reviews/b7-coverage-ledger.md for substantive-unit verdicts
b7,Lession_7_Data_Engineering_Ingestion_Layer.pdf,34,Core Concept / Offset – Position of a Message / ● An offset is a unique number assigned,chapter material or chapter divider,b7/ch06,More lanes do not mean free speed,implemented; see ../reviews/b7-coverage-ledger.md for substantive-unit verdicts
b7,Lession_7_Data_Engineering_Ingestion_Layer.pdf,35,Producer Fundamentals / ● A producer is an application that sends records / (messages) to a Kafka topic.,chapter material or chapter divider,b7/ch06,More lanes do not mean free speed,implemented; see ../reviews/b7-coverage-ledger.md for substantive-unit verdicts
b7,Lession_7_Data_Engineering_Ingestion_Layer.pdf,36,Consumer Groups / ● A consumer is an application that reads / messages from a Kafka topic.,chapter material or chapter divider,b7/ch07,The readers divide the work,implemented; see ../reviews/b7-coverage-ledger.md for substantive-unit verdicts
b7,Lession_7_Data_Engineering_Ingestion_Layer.pdf,37,Replication & Fault Tolerance / ● Kafka ensures fault tolerance through / replication.,chapter material or chapter divider,b7/ch08,A broker disappears,implemented; see ../reviews/b7-coverage-ledger.md for substantive-unit verdicts
b7,Lession_7_Data_Engineering_Ingestion_Layer.pdf,38,Kafka Message Delivery Guarantees / ● Delivery guarantees define how many / times a message may be delivered to a,chapter material or chapter divider,b7/ch09,The crash between processing and commit,implemented; see ../reviews/b7-coverage-ledger.md for substantive-unit verdicts
b7,Lession_7_Data_Engineering_Ingestion_Layer.pdf,39,"At most once (setting acks=0 in producer) / ● The Producer sends the message and doesn't wait for an acknowledgment. / ● On the Consumer side, the offset is committed before the message is processed. If the process crashes",chapter material or chapter divider,b7/ch09,The crash between processing and commit,implemented; see ../reviews/b7-coverage-ledger.md for substantive-unit verdicts
b7,Lession_7_Data_Engineering_Ingestion_Layer.pdf,40,"Retention & Log Model / By configuring Kafka retention policies, you can control how long messages remain in a topic and when / they are either deleted or compacted.",chapter material or chapter divider,b7/ch10,The log remembers; Debezium translates,implemented; see ../reviews/b7-coverage-ledger.md for substantive-unit verdicts
b7,Lession_7_Data_Engineering_Ingestion_Layer.pdf,41,Debezium,chapter material or chapter divider,b7/ch10,The log remembers; Debezium translates,implemented; see ../reviews/b7-coverage-ledger.md for substantive-unit verdicts
b7,Lession_7_Data_Engineering_Ingestion_Layer.pdf,42,Debezium / ● Debezium is an open-source CDC platform that / captures row-level changes from databases and,chapter material or chapter divider,b7/ch10,The log remembers; Debezium translates,implemented; see ../reviews/b7-coverage-ledger.md for substantive-unit verdicts
b7,Lession_7_Data_Engineering_Ingestion_Layer.pdf,43,"Debezium / ● Sources: MySQL, MariaDB, MongoDB, PostgreSQL, Oracle, SQL Server, Cassandra, Vitess, Spanner, Informix / ● Sink: Debezium captures from supported source databases; downstream sinks are typically handled",chapter material or chapter divider,b7/ch10,The log remembers; Debezium translates,implemented; see ../reviews/b7-coverage-ledger.md for substantive-unit verdicts
b7,Lession_7_Data_Engineering_Ingestion_Layer.pdf,44,fullstackdatascience.com / References / • https://docs.docker.com/docker-hub/,references,source-analysis.md,Original reference list retained in authoring audit,implemented; see ../reviews/b7-coverage-ledger.md for substantive-unit verdicts
b7,Lession_7_Data_Engineering_Ingestion_Layer.pdf,45,Thank you,closing,b7/summary,Closing page,implemented; see ../reviews/b7-coverage-ledger.md for substantive-unit verdicts
b8,Lession_8_Data_Engineering_Storage_Layer.pdf,1,EDAI-1-K9 / Data Engineering / Storage Layer,cover,b8/hero,Source identity / course introduction,planned; implementation and coverage review pending
b8,Lession_8_Data_Engineering_Storage_Layer.pdf,2,Learn / About / From Data Lake to Data Swamp02/,agenda,b8/navigation,"Agenda, including named-only supplements",planned; implementation and coverage review pending
b8,Lession_8_Data_Engineering_Storage_Layer.pdf,3,Data / Warehouse / & modeling,chapter material or chapter divider,b8/ch01,The same bytes need different homes,planned; implementation and coverage review pending
b8,Lession_8_Data_Engineering_Storage_Layer.pdf,4,Data Storage System / Data -  Why data storage is important? / Data is simply recorded information - anything,chapter material or chapter divider,b8/ch01,The same bytes need different homes,planned; implementation and coverage review pending
b8,Lession_8_Data_Engineering_Storage_Layer.pdf,5,"Data Storage System / File, Block and Object Storage",chapter material or chapter divider,b8/ch01,The same bytes need different homes,planned; implementation and coverage review pending
b8,Lession_8_Data_Engineering_Storage_Layer.pdf,6,Data Storage System / File Storage / ● Files stored in a hierarchical structure,chapter material or chapter divider,b8/ch01,The same bytes need different homes,planned; implementation and coverage review pending
b8,Lession_8_Data_Engineering_Storage_Layer.pdf,7,Data Storage System / Block Storage / ● Used for large and structured files -,chapter material or chapter divider,b8/ch01,The same bytes need different homes,planned; implementation and coverage review pending
b8,Lession_8_Data_Engineering_Storage_Layer.pdf,8,Data Storage System / Object Storage / ● Used for large amounts of unstructured,chapter material or chapter divider,b8/ch01,The same bytes need different homes,planned; implementation and coverage review pending
b8,Lession_8_Data_Engineering_Storage_Layer.pdf,9,Object Storage Block Storage File Storage / How data is stored Objects Block Files / Metadata Nearly unlimited and,chapter material or chapter divider,b8/ch01,The same bytes need different homes,planned; implementation and coverage review pending
b8,Lession_8_Data_Engineering_Storage_Layer.pdf,10,Object Storage Block Storage File Storage / Scalability Easy Not easy Easy / Modification Not possible (need to,chapter material or chapter divider,b8/ch01,The same bytes need different homes,planned; implementation and coverage review pending
b8,Lession_8_Data_Engineering_Storage_Layer.pdf,11,"We need persist data for quick access, but tradeoff duration / Data Storage System / Cache",chapter material or chapter divider,b8/ch02,"Memory buys time, not permanence",planned; implementation and coverage review pending
b8,Lession_8_Data_Engineering_Storage_Layer.pdf,12,Redis Memcached Hazelcast / Sub-millisecond Yes Yes Yes / Data partition Yes Yes Yes (Automatic Sharding),chapter material or chapter divider,b8/ch02,"Memory buys time, not permanence",planned; implementation and coverage review pending
b8,Lession_8_Data_Engineering_Storage_Layer.pdf,13,Redis Memcached Hazelcast / Snapshots Yes No Yes / Replication Yes No Yes,chapter material or chapter divider,b8/ch02,"Memory buys time, not permanence",planned; implementation and coverage review pending
b8,Lession_8_Data_Engineering_Storage_Layer.pdf,14,Data Storage System / HDFS / Replication,chapter material or chapter divider,b8/ch03,Finding the blocks across machines,planned; implementation and coverage review pending
b8,Lession_8_Data_Engineering_Storage_Layer.pdf,15,"● Kafka is a popular streaming framework, which uses Tiered Storage (AWS S3 or GCS) to / store long-term data. / ● Problem: Heavy load for brokers if historical data is read frequently?",chapter material or chapter divider,b8/ch03,Finding the blocks across machines,planned; implementation and coverage review pending
b8,Lession_8_Data_Engineering_Storage_Layer.pdf,16,Source System Storage / Purpose Generate data Persist data / Ownership Typically owned by other teams,chapter material or chapter divider,b8/ch03,Finding the blocks across machines,planned; implementation and coverage review pending
b8,Lession_8_Data_Engineering_Storage_Layer.pdf,17,"From Infrastructure to Analytics Layer / Data storage systems, such as HDFS, / distributed caches, and object storage focus",chapter material or chapter divider,b8/ch04,Stored data is not yet an agreed truth,planned; implementation and coverage review pending
b8,Lession_8_Data_Engineering_Storage_Layer.pdf,18,Data Warehouse / Organizations build a Data Warehouse that / integrates data from multiple sources and,chapter material or chapter divider,b8/ch04,Stored data is not yet an agreed truth,planned; implementation and coverage review pending
b8,Lession_8_Data_Engineering_Storage_Layer.pdf,19,"Data Modeling / Data modeling is the process of designing how data is structured, organized, and related inside / a data warehouse so that it can be stored, queried, and analyzed efficiently.",chapter material or chapter divider,b8/ch04,Stored data is not yet an agreed truth,planned; implementation and coverage review pending
b8,Lession_8_Data_Engineering_Storage_Layer.pdf,20,Data Modeling / Role of Data Modeling / Data,chapter material or chapter divider,b8/ch04,Stored data is not yet an agreed truth,planned; implementation and coverage review pending
b8,Lession_8_Data_Engineering_Storage_Layer.pdf,21,Data Modeling / Types of data modeling / Data Model,chapter material or chapter divider,b8/ch04,Stored data is not yet an agreed truth,planned; implementation and coverage review pending
b8,Lession_8_Data_Engineering_Storage_Layer.pdf,22,Types of data modeling / Conceptual Data Model / The conceptual data model represents a big-picture plan that defines what data a,chapter material or chapter divider,b8/ch04,Stored data is not yet an agreed truth,planned; implementation and coverage review pending
b8,Lession_8_Data_Engineering_Storage_Layer.pdf,23,Types of data modeling / Logical Data Model / The logical data model builds upon the conceptual model and provides a detailed,chapter material or chapter divider,b8/ch04,Stored data is not yet an agreed truth,planned; implementation and coverage review pending
b8,Lession_8_Data_Engineering_Storage_Layer.pdf,24,Types of data modeling / Physical Data Model / The physical data model represents the implementation of the data model in a specific,chapter material or chapter divider,b8/ch04,Stored data is not yet an agreed truth,planned; implementation and coverage review pending
b8,Lession_8_Data_Engineering_Storage_Layer.pdf,25,Data modelling Techniques for Data / Warehouse / Star Schema,chapter material or chapter divider,b8/ch05,Shape the model for the question,planned; implementation and coverage review pending
b8,Lession_8_Data_Engineering_Storage_Layer.pdf,26,Data modelling Techniques for Data / Warehouse / Snowflake Schema,chapter material or chapter divider,b8/ch05,Shape the model for the question,planned; implementation and coverage review pending
b8,Lession_8_Data_Engineering_Storage_Layer.pdf,27,From Data / Lake to Data / Swamp,chapter material or chapter divider,b8/ch06,A lake keeps possibilities open,planned; implementation and coverage review pending
b8,Lession_8_Data_Engineering_Storage_Layer.pdf,28,"Data Lake / ● A data lake is a centralized repository that / stores all your structured, semi-structured,",chapter material or chapter divider,b8/ch06,A lake keeps possibilities open,planned; implementation and coverage review pending
b8,Lession_8_Data_Engineering_Storage_Layer.pdf,29,Data Lake Core Characteristics / Core characteristics of data lakes / Data lakes are built to scale horizontally.,chapter material or chapter divider,b8/ch06,A lake keeps possibilities open,planned; implementation and coverage review pending
b8,Lession_8_Data_Engineering_Storage_Layer.pdf,30,Data Lake Architecture / Data Lake architecture / Raw data from all sources flows into the,chapter material or chapter divider,b8/ch06,A lake keeps possibilities open,planned; implementation and coverage review pending
b8,Lession_8_Data_Engineering_Storage_Layer.pdf,31,"Data Lake vs Data Warehouse / Feature Data Lake Data Warehouse / Data type Structured, semi-structured,",chapter material or chapter divider,b8/ch06,A lake keeps possibilities open,planned; implementation and coverage review pending
b8,Lession_8_Data_Engineering_Storage_Layer.pdf,32,"Data Swamp / ● A data swamp is a disorganized, unmanaged, / or under-governed data repository - where",chapter material or chapter divider,b8/ch07,The lake becomes a swamp,planned; implementation and coverage review pending
b8,Lession_8_Data_Engineering_Storage_Layer.pdf,33,"Why Data Lake turns into Data Swamp? / ● Despite the advantages of a Data Lake, it often / fail to deliver business values because they",chapter material or chapter divider,b8/ch07,The lake becomes a swamp,planned; implementation and coverage review pending
b8,Lession_8_Data_Engineering_Storage_Layer.pdf,34,"Common Reasons for Swampification / ● Without metadata, you don’t know what / data exists, who owns it, or how it’s",chapter material or chapter divider,b8/ch07,The lake becomes a swamp,planned; implementation and coverage review pending
b8,Lession_8_Data_Engineering_Storage_Layer.pdf,35,"Common Reasons for Swampification / ● Data access controls, versioning, and / lineage are absent.",chapter material or chapter divider,b8/ch07,The lake becomes a swamp,planned; implementation and coverage review pending
b8,Lession_8_Data_Engineering_Storage_Layer.pdf,36,Common Reasons for Swampification / ● Ingesting raw data without cleaning or / profiling leads to inconsistent formats,chapter material or chapter divider,b8/ch07,The lake becomes a swamp,planned; implementation and coverage review pending
b8,Lession_8_Data_Engineering_Storage_Layer.pdf,37,"Common Reasons for Swampification / ● Data quality is not simply a technical outcome, / but a product of clearly defined accountability",chapter material or chapter divider,b8/ch07,The lake becomes a swamp,planned; implementation and coverage review pending
b8,Lession_8_Data_Engineering_Storage_Layer.pdf,38,"Common Reasons for Swampification / ● Data structures evolve, but no one updates schema definitions. / ● Result: ETL pipelines break, and debugging becomes a nightmare.",chapter material or chapter divider,b8/ch07,The lake becomes a swamp,planned; implementation and coverage review pending
b8,Lession_8_Data_Engineering_Storage_Layer.pdf,39,"Common Reasons for Swampification / ● Without cataloging, lineage tracking, and / observability tools, managing large lakes",chapter material or chapter divider,b8/ch07,The lake becomes a swamp,planned; implementation and coverage review pending
b8,Lession_8_Data_Engineering_Storage_Layer.pdf,40,Real-World Impacts of Data Swamps / ● Wasted Storage Costs: Terabytes of / unused or duplicate data.,chapter material or chapter divider,b8/ch07,The lake becomes a swamp,planned; implementation and coverage review pending
b8,Lession_8_Data_Engineering_Storage_Layer.pdf,41,"How to Prevent This Phenomenon? / ● Use tools like AWS Glue Data Catalog, / Apache Atlas, or Amundsen.",chapter material or chapter divider,b8/ch08,Give every dataset a steward and a trail,planned; implementation and coverage review pending
b8,Lession_8_Data_Engineering_Storage_Layer.pdf,42,How to Prevent This Phenomenon? / ● Define data ownership and stewardship. / ● Use RBAC (Role-Based Access Control) for data access.,chapter material or chapter divider,b8/ch08,Give every dataset a steward and a trail,planned; implementation and coverage review pending
b8,Lession_8_Data_Engineering_Storage_Layer.pdf,43,How to Prevent This Phenomenon? / ● Use data profiling and validation tools like / Great Expectations or Monte Carlo.,chapter material or chapter divider,b8/ch08,Give every dataset a steward and a trail,planned; implementation and coverage review pending
b8,Lession_8_Data_Engineering_Storage_Layer.pdf,44,"How to Prevent This Phenomenon? / ● Raw Zone: Unprocessed data. / ● Cleansed Zone: Validated, processed",chapter material or chapter divider,b8/ch08,Give every dataset a steward and a trail,planned; implementation and coverage review pending
b8,Lession_8_Data_Engineering_Storage_Layer.pdf,45,How to Prevent This Phenomenon? / ● Track schema versions using tools like / Apache Avro or Delta Lake.,chapter material or chapter divider,b8/ch08,Give every dataset a steward and a trail,planned; implementation and coverage review pending
b8,Lession_8_Data_Engineering_Storage_Layer.pdf,46,"How to Prevent This Phenomenon? / ● Encourage self-service with searchable / catalogs. Tag datasets with purpose,",chapter material or chapter divider,b8/ch08,Give every dataset a steward and a trail,planned; implementation and coverage review pending
b8,Lession_8_Data_Engineering_Storage_Layer.pdf,47,"How to Prevent This Phenomenon? / ● Implement pipeline observability (e.g., / Airflow, OpenLineage).",chapter material or chapter divider,b8/ch08,Give every dataset a steward and a trail,planned; implementation and coverage review pending
b8,Lession_8_Data_Engineering_Storage_Layer.pdf,48,How to Prevent This Phenomenon? / ● Set retention policies. / ● Archive or delete unused data periodically.,chapter material or chapter divider,b8/ch08,Give every dataset a steward and a trail,planned; implementation and coverage review pending
b8,Lession_8_Data_Engineering_Storage_Layer.pdf,49,Lake House,chapter material or chapter divider,b8/ch09,"One foundation, several analytical workloads",planned; implementation and coverage review pending
b8,Lession_8_Data_Engineering_Storage_Layer.pdf,50,Lake House / A data lakehouse is a data platform that combines the flexible data storage of data lakes with / the high-performance analytics capabilities of data warehouses.,chapter material or chapter divider,b8/ch09,"One foundation, several analytical workloads",planned; implementation and coverage review pending
b8,Lession_8_Data_Engineering_Storage_Layer.pdf,51,"Lake House / Data sources - all types of data (structured, / unstructured, streaming) flow in",chapter material or chapter divider,b8/ch09,"One foundation, several analytical workloads",planned; implementation and coverage review pending
b8,Lession_8_Data_Engineering_Storage_Layer.pdf,52,Multi-hop / architecture Multi-Hop Architecture02/ / Medallion Architecture01/,chapter material or chapter divider,b8/ch10,"Three stages, increasing responsibility",planned; implementation and coverage review pending
b8,Lession_8_Data_Engineering_Storage_Layer.pdf,53,Multi-Hop Architecture / Multi-Hop Architecture means data moves through multiple processing stages (hops) before / reaching the final dataset.,chapter material or chapter divider,b8/ch10,"Three stages, increasing responsibility",planned; implementation and coverage review pending
b8,Lession_8_Data_Engineering_Storage_Layer.pdf,54,Medallion Architecture / Batch / Streaming,chapter material or chapter divider,b8/ch10,"Three stages, increasing responsibility",planned; implementation and coverage review pending
b8,Lession_8_Data_Engineering_Storage_Layer.pdf,55,Multi-Hop Architecture / ● Stores all data ingested from external source / systems.,chapter material or chapter divider,b8/ch10,"Three stages, increasing responsibility",planned; implementation and coverage review pending
b8,Lession_8_Data_Engineering_Storage_Layer.pdf,56,"Multi-Hop Architecture / ● Data from the Bronze layer is cleaned, matched, / merged, and standardized.",chapter material or chapter divider,b8/ch10,"Three stages, increasing responsibility",planned; implementation and coverage review pending
b8,Lession_8_Data_Engineering_Storage_Layer.pdf,57,"Multi-Hop Architecture / ● Contains consumption-ready, project-specific / datasets.",chapter material or chapter divider,b8/ch10,"Three stages, increasing responsibility",planned; implementation and coverage review pending
b8,Lession_8_Data_Engineering_Storage_Layer.pdf,58,fullstackdatascience.com / References / • What Is a Lakehouse?,references,source-analysis.md,Original reference list retained in authoring audit,planned; implementation and coverage review pending
b8,Lession_8_Data_Engineering_Storage_Layer.pdf,59,Thank you,closing,b8/summary,Closing page,planned; implementation and coverage review pending
b9,Lession_9_Data_Engineering_Transformation_Layer_1_Batch.pdf,1,EDAI-1 / Data Engineering / Transformation,cover,b9/hero,Source identity / course introduction,planned; implementation and coverage review pending
b9,Lession_9_Data_Engineering_Transformation_Layer_1_Batch.pdf,2,Learn / About / Abstractions & APIs 03/,agenda,b9/navigation,"Agenda, including named-only supplements",planned; implementation and coverage review pending
b9,Lession_9_Data_Engineering_Transformation_Layer_1_Batch.pdf,3,Why Spark,chapter material or chapter divider,b9/ch01,One machine reaches its limit,planned; implementation and coverage review pending
b9,Lession_9_Data_Engineering_Transformation_Layer_1_Batch.pdf,4,"Why Spark for the Transformation Layer / From raw data to scalable data processing / The Transformation Layer is where raw data is cleaned, standardized, joined, aggregated, and",chapter material or chapter divider,b9/ch01,One machine reaches its limit,planned; implementation and coverage review pending
b9,Lession_9_Data_Engineering_Transformation_Layer_1_Batch.pdf,5,The Problem with Single-Machine / Web Servers/ / Applications,chapter material or chapter divider,b9/ch01,One machine reaches its limit,planned; implementation and coverage review pending
b9,Lession_9_Data_Engineering_Transformation_Layer_1_Batch.pdf,6,Distributed Batch Processing / Batch Job / Submission,chapter material or chapter divider,b9/ch01,One machine reaches its limit,planned; implementation and coverage review pending
b9,Lession_9_Data_Engineering_Transformation_Layer_1_Batch.pdf,7,"What is Spark? / Spark is a distributed data processing engine used to run batch, streaming, SQL, machine / learning, and graph workloads at scale.",chapter material or chapter divider,b9/ch01,One machine reaches its limit,planned; implementation and coverage review pending
b9,Lession_9_Data_Engineering_Transformation_Layer_1_Batch.pdf,8,"Why Spark Fits the Transformation Layer / ● The Transformation Layer needs an engine that can handle large data, complex logic, and / repeated reuse efficiently.",chapter material or chapter divider,b9/ch01,One machine reaches its limit,planned; implementation and coverage review pending
b9,Lession_9_Data_Engineering_Transformation_Layer_1_Batch.pdf,9,Architectur / e & / Execution,chapter material or chapter divider,b9/ch02,A program becomes tasks,planned; implementation and coverage review pending
b9,Lession_9_Data_Engineering_Transformation_Layer_1_Batch.pdf,10,Spark Architecture / Spark Context / Driver Program,chapter material or chapter divider,b9/ch02,A program becomes tasks,planned; implementation and coverage review pending
b9,Lession_9_Data_Engineering_Transformation_Layer_1_Batch.pdf,11,"Inside a Worker Node / A worker node does not directly run your whole Spark program. It runs executors, and / executors run tasks.",chapter material or chapter divider,b9/ch02,A program becomes tasks,planned; implementation and coverage review pending
b9,Lession_9_Data_Engineering_Transformation_Layer_1_Batch.pdf,12,What Is a Partition? / Definition: A partition is one split of a dataset. / ● Spark divides a large dataset into multiple partitions.,chapter material or chapter divider,b9/ch02,A program becomes tasks,planned; implementation and coverage review pending
b9,Lession_9_Data_Engineering_Transformation_Layer_1_Batch.pdf,13,Transformations and Actions / Spark operations are divided into Transformations and Actions. / 13This behavior is called lazy evaluation,chapter material or chapter divider,b9/ch02,A program becomes tasks,planned; implementation and coverage review pending
b9,Lession_9_Data_Engineering_Transformation_Layer_1_Batch.pdf,14,"Lazy Evaluation / With lazy evaluation, Spark first builds an execution plan instead of running each transformation / immediately.",chapter material or chapter divider,b9/ch02,A program becomes tasks,planned; implementation and coverage review pending
b9,Lession_9_Data_Engineering_Transformation_Layer_1_Batch.pdf,15,From Program to Execution Units / Spark breaks a large program into smaller execution units. / 15Now let’s connect everything into one complete execution flow,chapter material or chapter divider,b9/ch02,A program becomes tasks,planned; implementation and coverage review pending
b9,Lession_9_Data_Engineering_Transformation_Layer_1_Batch.pdf,16,"Spark Execution Flow / A Spark program starts from user code, gets resources, runs tasks, and returns or writes results. / 16Now that we understand how Spark runs work, we can move to the APIs used to describe that work",chapter material or chapter divider,b9/ch02,A program becomes tasks,planned; implementation and coverage review pending
b9,Lession_9_Data_Engineering_Transformation_Layer_1_Batch.pdf,17,Abstraction / & APIs / Spark DataFrame02/,chapter material or chapter divider,b9/ch03,Two ways to describe distributed data,planned; implementation and coverage review pending
b9,Lession_9_Data_Engineering_Transformation_Layer_1_Batch.pdf,18,"Data Abstraction & APIs / In most modern Spark jobs, DataFrame is preferred. / How Spark represents data internally",chapter material or chapter divider,b9/ch03,Two ways to describe distributed data,planned; implementation and coverage review pending
b9,Lession_9_Data_Engineering_Transformation_Layer_1_Batch.pdf,19,Spark RDD,chapter material or chapter divider,b9/ch03,Two ways to describe distributed data,planned; implementation and coverage review pending
b9,Lession_9_Data_Engineering_Transformation_Layer_1_Batch.pdf,20,What is RDD? / Resilient Distributed Dataset / ● An RDD is a logical collection of data split into partitions.,chapter material or chapter divider,b9/ch03,Two ways to describe distributed data,planned; implementation and coverage review pending
b9,Lession_9_Data_Engineering_Transformation_Layer_1_Batch.pdf,21,RDD is Distributed / Data is split across multiple machines / ● Spark splits an RDD into partitions so many machines can process data in parallel.,chapter material or chapter divider,b9/ch03,Two ways to describe distributed data,planned; implementation and coverage review pending
b9,Lession_9_Data_Engineering_Transformation_Layer_1_Batch.pdf,22,"RDD is Resilient / Lost data can be rebuilt / Spark remembers how each RDD was created. If a partition is lost, Spark can rebuild it.",chapter material or chapter divider,b9/ch03,Two ways to describe distributed data,planned; implementation and coverage review pending
b9,Lession_9_Data_Engineering_Transformation_Layer_1_Batch.pdf,23,Spark RDD Creation / 1. Create SparkSession / => Entry point to use Spark features,chapter material or chapter divider,b9/ch03,Two ways to describe distributed data,planned; implementation and coverage review pending
b9,Lession_9_Data_Engineering_Transformation_Layer_1_Batch.pdf,24,Spark / DataFrame,chapter material or chapter divider,b9/ch03,Two ways to describe distributed data,planned; implementation and coverage review pending
b9,Lession_9_Data_Engineering_Transformation_Layer_1_Batch.pdf,25,"What is DataFrame? / A DataFrame represents data like a table with rows, columns, and a schema. / ● A row is one record.",chapter material or chapter divider,b9/ch03,Two ways to describe distributed data,planned; implementation and coverage review pending
b9,Lession_9_Data_Engineering_Transformation_Layer_1_Batch.pdf,26,"Why DataFrame is Useful / DataFrame is the preferred way to work with data in Spark because it is easier to write, easier / to read, and allows Spark to optimize the execution automatically.",chapter material or chapter divider,b9/ch03,Two ways to describe distributed data,planned; implementation and coverage review pending
b9,Lession_9_Data_Engineering_Transformation_Layer_1_Batch.pdf,27,"DataFrame Is Immutable / A DataFrame is immutable. This means Spark does not change the existing DataFrame directly. / Instead, it creates a new DataFrame after each transformation.",chapter material or chapter divider,b9/ch03,Two ways to describe distributed data,planned; implementation and coverage review pending
b9,Lession_9_Data_Engineering_Transformation_Layer_1_Batch.pdf,28,Spark DataFrame vs RDD / 28Let’s look at some Spark Dataframe codes / Criteria RDD DataFrame,chapter material or chapter divider,b9/ch03,Two ways to describe distributed data,planned; implementation and coverage review pending
b9,Lession_9_Data_Engineering_Transformation_Layer_1_Batch.pdf,29,"Spark Dataframe Creation / Use createDataFrame() when you already have a Python/Scala object (list, dict). Use .toDF() when you have an / existing RDD and want to add a schema",chapter material or chapter divider,b9/ch03,Two ways to describe distributed data,planned; implementation and coverage review pending
b9,Lession_9_Data_Engineering_Transformation_Layer_1_Batch.pdf,30,"Spark Dataframe Creation / 30After learning how Spark represents data, we need to understand how Spark moves and stores data efficiently.",chapter material or chapter divider,b9/ch03,Two ways to describe distributed data,planned; implementation and coverage review pending
b9,Lession_9_Data_Engineering_Transformation_Layer_1_Batch.pdf,31,Serializatio / n & Memory / Deserialization02/,chapter material or chapter divider,b9/ch04,Objects cross the network as bytes,planned; implementation and coverage review pending
b9,Lession_9_Data_Engineering_Transformation_Layer_1_Batch.pdf,32,Serialization & Memory / 32Let’s start with the process of converting data for transfer. / Spark performance depends on how efficiently data is moved between machines and stored,chapter material or chapter divider,b9/ch04,Objects cross the network as bytes,planned; implementation and coverage review pending
b9,Lession_9_Data_Engineering_Transformation_Layer_1_Batch.pdf,33,Serializatio / n,chapter material or chapter divider,b9/ch04,Objects cross the network as bytes,planned; implementation and coverage review pending
b9,Lession_9_Data_Engineering_Transformation_Layer_1_Batch.pdf,34,What is Serialization? / 34Spark offers two approaches to serialization - let's compare them. / Serialization converts data objects into a format that can be sent across machines or saved to,chapter material or chapter divider,b9/ch04,Objects cross the network as bytes,planned; implementation and coverage review pending
b9,Lession_9_Data_Engineering_Transformation_Layer_1_Batch.pdf,35,"Where Serialization Happens in Spark / 35Because serialization happens in important operations, inefficient serialization can slow down the whole job. / Spark uses serialization when data needs to be moved between machines or stored for later",chapter material or chapter divider,b9/ch04,Objects cross the network as bytes,planned; implementation and coverage review pending
b9,Lession_9_Data_Engineering_Transformation_Layer_1_Batch.pdf,36,"Why Serialization Matters / Poor serialization makes Spark slower because it increases memory usage, CPU time and / network transfer time.",chapter material or chapter divider,b9/ch04,Objects cross the network as bytes,planned; implementation and coverage review pending
b9,Lession_9_Data_Engineering_Transformation_Layer_1_Batch.pdf,37,"Java vs Kryo Serialization / Spark can use Java serialization or Kryo serialization. Kryo is usually faster, but it requires more / setup.",chapter material or chapter divider,b9/ch04,Objects cross the network as bytes,planned; implementation and coverage review pending
b9,Lession_9_Data_Engineering_Transformation_Layer_1_Batch.pdf,38,"Kryo Serialization / Kryo serialization converts objects into smaller byte streams than Java serialization, so data / moves faster and uses less memory",chapter material or chapter divider,b9/ch04,Objects cross the network as bytes,planned; implementation and coverage review pending
b9,Lession_9_Data_Engineering_Transformation_Layer_1_Batch.pdf,39,"Setting Up Kryo Serialization / To use Kryo, you need to configure Spark before starting the job. / ● Kryo needs explicit configuration before use - it is not the default.",chapter material or chapter divider,b9/ch04,Objects cross the network as bytes,planned; implementation and coverage review pending
b9,Lession_9_Data_Engineering_Transformation_Layer_1_Batch.pdf,40,Deserializatio / n,chapter material or chapter divider,b9/ch04,Objects cross the network as bytes,planned; implementation and coverage review pending
b9,Lession_9_Data_Engineering_Transformation_Layer_1_Batch.pdf,41,Deserialization / Deserialization converts a byte stream back into an object that Spark can process. / ● A deserializer converts bytes back into program data.,chapter material or chapter divider,b9/ch04,Objects cross the network as bytes,planned; implementation and coverage review pending
b9,Lession_9_Data_Engineering_Transformation_Layer_1_Batch.pdf,42,In-memory / Computing,chapter material or chapter divider,b9/ch05,Remember what is worth reusing,planned; implementation and coverage review pending
b9,Lession_9_Data_Engineering_Transformation_Layer_1_Batch.pdf,43,"Traditional Computing Problem / Traditional systems often read and write data from disk repeatedly, which slows down / large-scale processing.",chapter material or chapter divider,b9/ch05,Remember what is worth reusing,planned; implementation and coverage review pending
b9,Lession_9_Data_Engineering_Transformation_Layer_1_Batch.pdf,44,What is In-Memory Computing? / In-memory computing means keeping data in RAM so Spark can access it faster. / ● RAM is fast temporary memory.,chapter material or chapter divider,b9/ch05,Remember what is worth reusing,planned; implementation and coverage review pending
b9,Lession_9_Data_Engineering_Transformation_Layer_1_Batch.pdf,45,cache() / Keep reused data in memory / cache() tells Spark to keep computed data in memory for faster reuse.,chapter material or chapter divider,b9/ch05,Remember what is worth reusing,planned; implementation and coverage review pending
b9,Lession_9_Data_Engineering_Transformation_Layer_1_Batch.pdf,46,persist() / Choose how Spark stores reused data / persist() gives more control over where and how Spark stores reusable data.,chapter material or chapter divider,b9/ch05,Remember what is worth reusing,planned; implementation and coverage review pending
b9,Lession_9_Data_Engineering_Transformation_Layer_1_Batch.pdf,47,Storage Choices / Where Spark keeps reused data / A storage choice tells Spark where and how to keep reusable data.,chapter material or chapter divider,b9/ch05,Remember what is worth reusing,planned; implementation and coverage review pending
b9,Lession_9_Data_Engineering_Transformation_Layer_1_Batch.pdf,48,"Storage Choices / Choice 1: MEMORY_ONLY / In this storage level Spark, RDD store as deserialized JAVA object in JVM.",chapter material or chapter divider,b9/ch05,Remember what is worth reusing,planned; implementation and coverage review pending
b9,Lession_9_Data_Engineering_Transformation_Layer_1_Batch.pdf,49,"Storage Choices / Choice 2: MEMORY_AND_DISK / In this level, RDD is stored as deserialized JAVA object in JVM.",chapter material or chapter divider,b9/ch05,Remember what is worth reusing,planned; implementation and coverage review pending
b9,Lession_9_Data_Engineering_Transformation_Layer_1_Batch.pdf,50,Storage Choices / Choice 3 - MEMORY_ONLY_SER / This level stores RDDs as serialized JAVA object. It stores RDD partitions as a single byte array,chapter material or chapter divider,b9/ch05,Remember what is worth reusing,planned; implementation and coverage review pending
b9,Lession_9_Data_Engineering_Transformation_Layer_1_Batch.pdf,51,Storage Choices / Choice 4 - MEMORY_AND_DISK_SER / This level stores RDD as serialized JAVA object.,chapter material or chapter divider,b9/ch05,Remember what is worth reusing,planned; implementation and coverage review pending
b9,Lession_9_Data_Engineering_Transformation_Layer_1_Batch.pdf,52,Storage Choices / Choice 5 - DISK_ONLY / This storage level stores the RDD partitions only on disk.,chapter material or chapter divider,b9/ch05,Remember what is worth reusing,planned; implementation and coverage review pending
b9,Lession_9_Data_Engineering_Transformation_Layer_1_Batch.pdf,53,When Should We Cache? / Cache only data that will be reused / 53Small note: RDD cache vs Dataframe cache,chapter material or chapter divider,b9/ch05,Remember what is worth reusing,planned; implementation and coverage review pending
b9,Lession_9_Data_Engineering_Transformation_Layer_1_Batch.pdf,54,Optimizatio / n & Tuning / Manual Performance Tuning03/,chapter material or chapter divider,b9/ch06,The slowest partition sets the pace,planned; implementation and coverage review pending
b9,Lession_9_Data_Engineering_Transformation_Layer_1_Batch.pdf,55,Batch / Processing / Challenges High Cardinality03/,chapter material or chapter divider,b9/ch06,The slowest partition sets the pace,planned; implementation and coverage review pending
b9,Lession_9_Data_Engineering_Transformation_Layer_1_Batch.pdf,56,"Batch Processing Challenges / Why adding more machines is not always enough / Distributed systems help process large data, but Spark jobs can still become slow because of",chapter material or chapter divider,b9/ch06,The slowest partition sets the pace,planned; implementation and coverage review pending
b9,Lession_9_Data_Engineering_Transformation_Layer_1_Batch.pdf,57,Batch Processing Challenges Overview / This section only explains the problems. Solutions will be covered later in tuning and operations. / Each challenge has a different root cause and needs a different solution.,chapter material or chapter divider,b9/ch06,The slowest partition sets the pace,planned; implementation and coverage review pending
b9,Lession_9_Data_Engineering_Transformation_Layer_1_Batch.pdf,58,"Data Skew / When one partition has much more data / Data Skew occurs when data is unevenly distributed across partitions, causing some tasks to",chapter material or chapter divider,b9/ch06,The slowest partition sets the pace,planned; implementation and coverage review pending
b9,Lession_9_Data_Engineering_Transformation_Layer_1_Batch.pdf,59,"Shuffle Explosion / Shuffle Explosion happens when Spark moves a very large amount of data across executors / during operations such as join, groupBy, distinct, or repartition.",chapter material or chapter divider,b9/ch06,The slowest partition sets the pace,planned; implementation and coverage review pending
b9,Lession_9_Data_Engineering_Transformation_Layer_1_Batch.pdf,60,High Cardinality / When a column has many unique values / High Cardinality means a column has a very large number of distinct values.,chapter material or chapter divider,b9/ch06,The slowest partition sets the pace,planned; implementation and coverage review pending
b9,Lession_9_Data_Engineering_Transformation_Layer_1_Batch.pdf,61,Wide Schema / When a table has too many columns / A Wide Schema means a table has hundreds or thousands of columns.,chapter material or chapter divider,b9/ch06,The slowest partition sets the pace,planned; implementation and coverage review pending
b9,Lession_9_Data_Engineering_Transformation_Layer_1_Batch.pdf,62,"Schema Evolution / When table structure changes over time / Schema Evolution happens when columns are added, removed, or changed while downstream jobs still",chapter material or chapter divider,b9/ch06,The slowest partition sets the pace,planned; implementation and coverage review pending
b9,Lession_9_Data_Engineering_Transformation_Layer_1_Batch.pdf,63,Spark / Built-in / Optimizatio,chapter material or chapter divider,b9/ch07,Move the filter before the traffic jam,planned; implementation and coverage review pending
b9,Lession_9_Data_Engineering_Transformation_Layer_1_Batch.pdf,64,"Spark Built-in Optimization / How Spark improves execution before and during runtime / Spark includes built-in optimization mechanisms that improve query plans, memory usage, CPU",chapter material or chapter divider,b9/ch07,Move the filter before the traffic jam,planned; implementation and coverage review pending
b9,Lession_9_Data_Engineering_Transformation_Layer_1_Batch.pdf,65,Catalyst Optimizer / Improving the query plan before execution / Catalyst Optimizer rewrites the query plan so Spark can run the job with less unnecessary work.,chapter material or chapter divider,b9/ch07,Move the filter before the traffic jam,planned; implementation and coverage review pending
b9,Lession_9_Data_Engineering_Transformation_Layer_1_Batch.pdf,66,Catalyst Optimizer / Example logical plan / Example,chapter material or chapter divider,b9/ch07,Move the filter before the traffic jam,planned; implementation and coverage review pending
b9,Lession_9_Data_Engineering_Transformation_Layer_1_Batch.pdf,67,Catalyst Optimizer / Example logical plan - Optimized / Example,chapter material or chapter divider,b9/ch07,Move the filter before the traffic jam,planned; implementation and coverage review pending
b9,Lession_9_Data_Engineering_Transformation_Layer_1_Batch.pdf,68,Project Tungsten / Making execution faster with better memory and CPU usage / Project Tungsten improves how Spark uses memory and CPU when executing a plan.,chapter material or chapter divider,b9/ch08,A faster engine beneath the plan,planned; implementation and coverage review pending
b9,Lession_9_Data_Engineering_Transformation_Layer_1_Batch.pdf,69,Three Tungsten Techniques / 69Let's start with the first technique: Off-Heap Memory Management / How Tungsten reduces execution overhead,chapter material or chapter divider,b9/ch08,A faster engine beneath the plan,planned; implementation and coverage review pending
b9,Lession_9_Data_Engineering_Transformation_Layer_1_Batch.pdf,70,Project Tungsten / Java Object JVM Heap Garbage Collector (GC) / Before,chapter material or chapter divider,b9/ch08,A faster engine beneath the plan,planned; implementation and coverage review pending
b9,Lession_9_Data_Engineering_Transformation_Layer_1_Batch.pdf,71,Project Tungsten / L1 Cache / L2 Cache,chapter material or chapter divider,b9/ch08,A faster engine beneath the plan,planned; implementation and coverage review pending
b9,Lession_9_Data_Engineering_Transformation_Layer_1_Batch.pdf,72,"Project Tungsten / Technique 3: Whole-Stage Code Generation / Without Tungsten, each operator (Scan, Filter, Project, Aggregate) runs as a separate function call.",chapter material or chapter divider,b9/ch08,A faster engine beneath the plan,planned; implementation and coverage review pending
b9,Lession_9_Data_Engineering_Transformation_Layer_1_Batch.pdf,73,Adaptive Query Execution / Adaptive Query Execution means Spark can adjust the execution plan using real runtime / statistics.,chapter material or chapter divider,b9/ch08,A faster engine beneath the plan,planned; implementation and coverage review pending
b9,Lession_9_Data_Engineering_Transformation_Layer_1_Batch.pdf,74,"What AQE Can Improve / 74AQE helps automatically, but manual tuning is still needed for complex jobs. / AQE helps automatically, but it does not replace good data design and manual tuning.",chapter material or chapter divider,b9/ch08,A faster engine beneath the plan,planned; implementation and coverage review pending
b9,Lession_9_Data_Engineering_Transformation_Layer_1_Batch.pdf,75,Manual / Performanc / e Tuning,chapter material or chapter divider,b9/ch09,Tune the work before adding machines,planned; implementation and coverage review pending
b9,Lession_9_Data_Engineering_Transformation_Layer_1_Batch.pdf,76,"Manual Performance Tuning / 76Let’s start with shuffle, one of the most expensive operations in Spark. / Improving Spark jobs with better choices",chapter material or chapter divider,b9/ch09,Tune the work before adding machines,planned; implementation and coverage review pending
b9,Lession_9_Data_Engineering_Transformation_Layer_1_Batch.pdf,77,Shuffle and Partition Tuning / A good partition count helps Spark run tasks in parallel without creating too many tiny tasks. / ● Too few partitions can create large tasks.,chapter material or chapter divider,b9/ch09,Tune the work before adding machines,planned; implementation and coverage review pending
b9,Lession_9_Data_Engineering_Transformation_Layer_1_Batch.pdf,78,Reducing Shuffle Cost / Reducing Shuffle Explosion requires moving less data - not just adding more machines / Move less data between executors,chapter material or chapter divider,b9/ch09,Tune the work before adding machines,planned; implementation and coverage review pending
b9,Lession_9_Data_Engineering_Transformation_Layer_1_Batch.pdf,79,"Handling Skewed Keys / When one key creates one very large task / When a few keys dominate the data, engineers can split or process those keys separately.",chapter material or chapter divider,b9/ch09,Tune the work before adding machines,planned; implementation and coverage review pending
b9,Lession_9_Data_Engineering_Transformation_Layer_1_Batch.pdf,80,"Handling Skewed Keys with Salting / Split one heavy key into smaller groups / When one key has too many records, salting spreads that key across multiple partitions so one",chapter material or chapter divider,b9/ch09,Tune the work before adding machines,planned; implementation and coverage review pending
b9,Lession_9_Data_Engineering_Transformation_Layer_1_Batch.pdf,81,High Cardinality Optimization / Reduce memory pressure from many unique values / High-cardinality operations can be optimized by using approximate counting or pre-aggregation.,chapter material or chapter divider,b9/ch09,Tune the work before adding machines,planned; implementation and coverage review pending
b9,Lession_9_Data_Engineering_Transformation_Layer_1_Batch.pdf,82,"Wide Schema Optimization / When a table has hundreds or thousands of columns, reading all of them wastes I/O, memory, and / network bandwidth - even if only a few columns are needed.",chapter material or chapter divider,b9/ch09,Tune the work before adding machines,planned; implementation and coverage review pending
b9,Lession_9_Data_Engineering_Transformation_Layer_1_Batch.pdf,83,Schema Evolution Management / Manage schema changes safely / Schema changes should be controlled so downstream jobs do not fail unexpectedly.,chapter material or chapter divider,b9/ch09,Tune the work before adding machines,planned; implementation and coverage review pending
b9,Lession_9_Data_Engineering_Transformation_Layer_1_Batch.pdf,84,Spark / Operational / Techniques Dynamic Allocation02/,chapter material or chapter divider,b9/ch10,Read the traces left by a job,planned; implementation and coverage review pending
b9,Lession_9_Data_Engineering_Transformation_Layer_1_Batch.pdf,85,"Spark Operational Techniques / Even with a well-tuned job, engineers need tools to monitor, manage resources, and maintain / data quality over time.",chapter material or chapter divider,b9/ch10,Read the traces left by a job,planned; implementation and coverage review pending
b9,Lession_9_Data_Engineering_Transformation_Layer_1_Batch.pdf,86,Spark UI Dashboard / Spark UI Dashboard / Currently running stage,chapter material or chapter divider,b9/ch10,Read the traces left by a job,planned; implementation and coverage review pending
b9,Lession_9_Data_Engineering_Transformation_Layer_1_Batch.pdf,87,Dynamic Allocation / Dynamic Allocation allows Spark to automatically / adjust the number of executors based on workload.,chapter material or chapter divider,b9/ch10,Read the traces left by a job,planned; implementation and coverage review pending
b9,Lession_9_Data_Engineering_Transformation_Layer_1_Batch.pdf,88,Data Compaction / Data compaction is the process of merging many / small files into fewer larger files via coalesce(n) or,chapter material or chapter divider,b9/ch10,Read the traces left by a job,planned; implementation and coverage review pending
b9,Lession_9_Data_Engineering_Transformation_Layer_1_Batch.pdf,89,"fullstackdatascience.com / References / • Learning Spark, 2nd Edition",references,source-analysis.md,Original reference list retained in authoring audit,planned; implementation and coverage review pending
b9,Lession_9_Data_Engineering_Transformation_Layer_1_Batch.pdf,90,Thank you,closing,b9/summary,Closing page,planned; implementation and coverage review pending
b10,Lession_10_Data_Engineering_Transformation_Layer_2_Stream.pdf,1,EDAI-1-K9 / Data Engineering / Transformation,cover,b10/hero,Source identity / course introduction,planned; implementation and coverage review pending
b10,Lession_10_Data_Engineering_Transformation_Layer_2_Stream.pdf,2,Learn / About / Windowing and Late Data03/,agenda,b10/navigation,"Agenda, including named-only supplements",planned; implementation and coverage review pending
b10,Lession_10_Data_Engineering_Transformation_Layer_2_Stream.pdf,3,Flink / Overview,chapter material or chapter divider,b10/ch01,A computation with no final record,planned; implementation and coverage review pending
b10,Lession_10_Data_Engineering_Transformation_Layer_2_Stream.pdf,4,What is Apache Flink? / Apache Flink is a distributed engine for processing continuous event streams with high / throughput and low latency.,chapter material or chapter divider,b10/ch01,A computation with no final record,planned; implementation and coverage review pending
b10,Lession_10_Data_Engineering_Transformation_Layer_2_Stream.pdf,5,Ingestion / Layer / Transformation,chapter material or chapter divider,b10/ch01,A computation with no final record,planned; implementation and coverage review pending
b10,Lession_10_Data_Engineering_Transformation_Layer_2_Stream.pdf,6,"Flink Architecture / Flink Architecture / Flink follows a master-worker architecture. The JobManager coordinates, TaskManagers execute.",chapter material or chapter divider,b10/ch01,A computation with no final record,planned; implementation and coverage review pending
b10,Lession_10_Data_Engineering_Transformation_Layer_2_Stream.pdf,7,Task Slots / Each Task Slot represents a fixed subset of resources of the TaskManager. / Resource Sharing:,chapter material or chapter divider,b10/ch01,A computation with no final record,planned; implementation and coverage review pending
b10,Lession_10_Data_Engineering_Transformation_Layer_2_Stream.pdf,8,"Sub-task and Parallelism / ● A Flink job is built from operators such as map(), filter(), or window / ● To run faster, Flink can create subtasks to run in parallel for each operator",chapter material or chapter divider,b10/ch01,A computation with no final record,planned; implementation and coverage review pending
b10,Lession_10_Data_Engineering_Transformation_Layer_2_Stream.pdf,9,TaskManager / Example: Parallelism Creates Sub-tasks / Parallelism does not change the business logic. It only changes how many parallel instances,chapter material or chapter divider,b10/ch01,A computation with no final record,planned; implementation and coverage review pending
b10,Lession_10_Data_Engineering_Transformation_Layer_2_Stream.pdf,10,"JobManager’s Duty / When a job is submitted, the JobManager does three things: / Inside each TaskManager, Flink uses task slots to run work in parallel.",chapter material or chapter divider,b10/ch01,A computation with no final record,planned; implementation and coverage review pending
b10,Lession_10_Data_Engineering_Transformation_Layer_2_Stream.pdf,11,"JobManager: Saving Progress / While the job runs, the JobManager periodically saves the job's progress. / 1. Monitor task health",chapter material or chapter divider,b10/ch01,A computation with no final record,planned; implementation and coverage review pending
b10,Lession_10_Data_Engineering_Transformation_Layer_2_Stream.pdf,12,"JobManager: Recovering from Failure / When a failure is detected, the JobManager uses the last Checkpoint to restore the job. / Let’s summarize How Flink execute a Job",chapter material or chapter divider,b10/ch01,A computation with no final record,planned; implementation and coverage review pending
b10,Lession_10_Data_Engineering_Transformation_Layer_2_Stream.pdf,13,Time / Semantics,chapter material or chapter divider,b10/ch02,The event has more than one clock,planned; implementation and coverage review pending
b10,Lession_10_Data_Engineering_Transformation_Layer_2_Stream.pdf,14,"Three Definitions of Time / Flink supports three ways to define what ""time"" means in your pipeline. / The gap between Event Time and Processing Time can range from milliseconds to hours -",chapter material or chapter divider,b10/ch02,The event has more than one clock,planned; implementation and coverage review pending
b10,Lession_10_Data_Engineering_Transformation_Layer_2_Stream.pdf,15,Watermarks,chapter material or chapter divider,b10/ch02,The event has more than one clock,planned; implementation and coverage review pending
b10,Lession_10_Data_Engineering_Transformation_Layer_2_Stream.pdf,16,What is a Watermark? / A Watermark is a technique to track how far Event Time has progressed. / ● It is not business data - it carries no user information,chapter material or chapter divider,b10/ch02,The event has more than one clock,planned; implementation and coverage review pending
b10,Lession_10_Data_Engineering_Transformation_Layer_2_Stream.pdf,17,Watermark Example / e1 e2 e3 e4W e5 W e6 / Watermark = 00:58 - 5s,chapter material or chapter divider,b10/ch02,The event has more than one clock,planned; implementation and coverage review pending
b10,Lession_10_Data_Engineering_Transformation_Layer_2_Stream.pdf,18,Watermark Flow in the Pipeline / Flink provides three built-in strategies for generating Watermarks. / Component What it does,chapter material or chapter divider,b10/ch02,The event has more than one clock,planned; implementation and coverage review pending
b10,Lession_10_Data_Engineering_Transformation_Layer_2_Stream.pdf,19,Watermark Strategies Overview / Let's look at each strategy in detail. / Flink offers three strategies depending on how predictable your data delays are.,chapter material or chapter divider,b10/ch02,The event has more than one clock,planned; implementation and coverage review pending
b10,Lession_10_Data_Engineering_Transformation_Layer_2_Stream.pdf,20,"Strategy 1: Monotonous Timestamps / If your data has some delay, use the next strategy. / Use when: Events are guaranteed to arrive in event_time order - no late arrivals.",chapter material or chapter divider,b10/ch02,The event has more than one clock,planned; implementation and coverage review pending
b10,Lession_10_Data_Engineering_Transformation_Layer_2_Stream.pdf,21,"Strategy 2: Bounded Delay / If your delay pattern cannot be described by a fixed number, use a Custom strategy. / Use when: Events can arrive late, but the maximum delay is known in advance.",chapter material or chapter divider,b10/ch02,The event has more than one clock,planned; implementation and coverage review pending
b10,Lession_10_Data_Engineering_Transformation_Layer_2_Stream.pdf,22,"Strategy 3: Custom Watermark Generator / Now that we have all three strategies, how do we choose the right allowed delay? / Use when: Your specific use case",chapter material or chapter divider,b10/ch02,The event has more than one clock,planned; implementation and coverage review pending
b10,Lession_10_Data_Engineering_Transformation_Layer_2_Stream.pdf,23,Windowing / Window Types02/ / What is a Window?01/,chapter material or chapter divider,b10/ch03,Cut a moving stream into windows,planned; implementation and coverage review pending
b10,Lession_10_Data_Engineering_Transformation_Layer_2_Stream.pdf,24,What Is a Window? / A Window is a finite slice of a continuous stream. / Example: 1-minute windows,chapter material or chapter divider,b10/ch03,Cut a moving stream into windows,planned; implementation and coverage review pending
b10,Lession_10_Data_Engineering_Transformation_Layer_2_Stream.pdf,25,"Window Types Overview / Flink provides several window types, each for a different grouping pattern. / Window type Behavior Best for",chapter material or chapter divider,b10/ch03,Cut a moving stream into windows,planned; implementation and coverage review pending
b10,Lession_10_Data_Engineering_Transformation_Layer_2_Stream.pdf,26,"Tumbling Windows / Definition: A tumbling window divides a stream into fixed, non-overlapping intervals. / ● Each event belongs to exactly one window",chapter material or chapter divider,b10/ch03,Cut a moving stream into windows,planned; implementation and coverage review pending
b10,Lession_10_Data_Engineering_Transformation_Layer_2_Stream.pdf,27,Sliding Windows / Definition: A sliding window uses a fixed size and a fixed slide interval. / ● Windows overlap.,chapter material or chapter divider,b10/ch03,Cut a moving stream into windows,planned; implementation and coverage review pending
b10,Lession_10_Data_Engineering_Transformation_Layer_2_Stream.pdf,28,Session Windows / Definition: A session window groups events that are close together in time. / ● A new session starts after a period of inactivity.,chapter material or chapter divider,b10/ch03,Cut a moving stream into windows,planned; implementation and coverage review pending
b10,Lession_10_Data_Engineering_Transformation_Layer_2_Stream.pdf,29,Global Windows / A global window never fires by itself. / Definition: A global window puts all events into one logical window.,chapter material or chapter divider,b10/ch03,Cut a moving stream into windows,planned; implementation and coverage review pending
b10,Lession_10_Data_Engineering_Transformation_Layer_2_Stream.pdf,30,How to Choose a Window Type / How does Flink know when to close it and emit a result? That is the job of the Trigger. / Use Case Window Type,chapter material or chapter divider,b10/ch03,Cut a moving stream into windows,planned; implementation and coverage review pending
b10,Lession_10_Data_Engineering_Transformation_Layer_2_Stream.pdf,31,"What Is a Trigger? / ● Choosing a window type answers: ""How do I group events?"" / ● A Trigger answers: ""When do I compute and emit the result?""",chapter material or chapter divider,b10/ch03,Cut a moving stream into windows,planned; implementation and coverage review pending
b10,Lession_10_Data_Engineering_Transformation_Layer_2_Stream.pdf,32,"Trigger per Window Type / Tumbling, Sliding, and Session windows all have a default Trigger - you do not configure it / manually.",chapter material or chapter divider,b10/ch03,Cut a moving stream into windows,planned; implementation and coverage review pending
b10,Lession_10_Data_Engineering_Transformation_Layer_2_Stream.pdf,33,Late Data / Handling / Three Options to Handle02/,chapter material or chapter divider,b10/ch04,The missing event arrives after the result,planned; implementation and coverage review pending
b10,Lession_10_Data_Engineering_Transformation_Layer_2_Stream.pdf,34,What Happens When an Event Arrives Late? / An event is late when it arrives after its window's Trigger has already fired. / Flink provides three options - let's see what each one does.,chapter material or chapter divider,b10/ch04,The missing event arrives after the result,planned; implementation and coverage review pending
b10,Lession_10_Data_Engineering_Transformation_Layer_2_Stream.pdf,35,"Three Options for Late Events / Three options, each with a different trade-off: / Let's look at how option 2 & 3 works in detail.",chapter material or chapter divider,b10/ch04,The missing event arrives after the result,planned; implementation and coverage review pending
b10,Lession_10_Data_Engineering_Transformation_Layer_2_Stream.pdf,36,Option 2: Allowed Lateness / Allowed Lateness keeps the window alive for an extra period after the Trigger fires - accepting / late events and re-emitting a corrected result.,chapter material or chapter divider,b10/ch04,The missing event arrives after the result,planned; implementation and coverage review pending
b10,Lession_10_Data_Engineering_Transformation_Layer_2_Stream.pdf,37,Allowed Lateness in Practice / Arrival time / e1 e2 e5 e3,chapter material or chapter divider,b10/ch04,The missing event arrives after the result,planned; implementation and coverage review pending
b10,Lession_10_Data_Engineering_Transformation_Layer_2_Stream.pdf,38,Option 3: Side Output / Side Output routes late events to a separate stream instead of dropping them. / What can you do with the side output stream?,chapter material or chapter divider,b10/ch04,The missing event arrives after the result,planned; implementation and coverage review pending
b10,Lession_10_Data_Engineering_Transformation_Layer_2_Stream.pdf,39,Side Output: What To Do With Late Events / The side output stream is a normal Flink stream - you can attach any processing logic to it. / Use Description,chapter material or chapter divider,b10/ch04,The missing event arrives after the result,planned; implementation and coverage review pending
b10,Lession_10_Data_Engineering_Transformation_Layer_2_Stream.pdf,40,"Choosing a Late Data Strategy / The right strategy depends on how much correctness your downstream system requires. / In production, most pipelines combine both: Allowed Lateness (short window, e.g. 30s) to",chapter material or chapter divider,b10/ch04,The missing event arrives after the result,planned; implementation and coverage review pending
b10,Lession_10_Data_Engineering_Transformation_Layer_2_Stream.pdf,41,Flink APIs / Process Function02/ / API Landscape01/,chapter material or chapter divider,b10/ch05,Several languages describe the flow,planned; implementation and coverage review pending
b10,Lession_10_Data_Engineering_Transformation_Layer_2_Stream.pdf,42,Flink API Landscape / Flink / SQL,chapter material or chapter divider,b10/ch05,Several languages describe the flow,planned; implementation and coverage review pending
b10,Lession_10_Data_Engineering_Transformation_Layer_2_Stream.pdf,43,"DataStream API Overview / The DataStream API is Flink’s core API for event-by-event processing. / Definition: A DataStream is a typed, possibly unbounded sequence of events.",chapter material or chapter divider,b10/ch05,Several languages describe the flow,planned; implementation and coverage review pending
b10,Lession_10_Data_Engineering_Transformation_Layer_2_Stream.pdf,44,From DataStream to Table API / DataStream approach: / Table API approach:,chapter material or chapter divider,b10/ch05,Several languages describe the flow,planned; implementation and coverage review pending
b10,Lession_10_Data_Engineering_Transformation_Layer_2_Stream.pdf,45,Table API Overview / The Table API treats streaming data as a continuously changing table. / Definition: A dynamic table is a table view over changing stream data.,chapter material or chapter divider,b10/ch05,Several languages describe the flow,planned; implementation and coverage review pending
b10,Lession_10_Data_Engineering_Transformation_Layer_2_Stream.pdf,46,Table API Code Example / ● CREATE TABLE defines the source schema. / ● WATERMARK FOR defines event-time,chapter material or chapter divider,b10/ch05,Several languages describe the flow,planned; implementation and coverage review pending
b10,Lession_10_Data_Engineering_Transformation_Layer_2_Stream.pdf,47,How Flink SQL Runs a Query / Flink SQL turns a SQL query into an executable distributed job. / ● The parser checks SQL syntax.,chapter material or chapter divider,b10/ch05,Several languages describe the flow,planned; implementation and coverage review pending
b10,Lession_10_Data_Engineering_Transformation_Layer_2_Stream.pdf,48,Flink SQL Window Functions / Flink SQL provides built-in window functions for common time-based aggregations. / Function Syntax Behavior Use case,chapter material or chapter divider,b10/ch05,Several languages describe the flow,planned; implementation and coverage review pending
b10,Lession_10_Data_Engineering_Transformation_Layer_2_Stream.pdf,49,Flink SQL Code Example / Code Example: / Note:,chapter material or chapter divider,b10/ch05,Several languages describe the flow,planned; implementation and coverage review pending
b10,Lession_10_Data_Engineering_Transformation_Layer_2_Stream.pdf,50,"API Interoperability / You can combine DataStream API, Table API, and SQL in the same Flink job. / ● Use DataStream for custom watermark logic.",chapter material or chapter divider,b10/ch05,Several languages describe the flow,planned; implementation and coverage review pending
b10,Lession_10_Data_Engineering_Transformation_Layer_2_Stream.pdf,51,State / Managemen / t & Fault,chapter material or chapter divider,b10/ch06,Each key carries a memory,planned; implementation and coverage review pending
b10,Lession_10_Data_Engineering_Transformation_Layer_2_Stream.pdf,52,State Basics,chapter material or chapter divider,b10/ch06,Each key carries a memory,planned; implementation and coverage review pending
b10,Lession_10_Data_Engineering_Transformation_Layer_2_Stream.pdf,53,"Why Streaming Jobs Need State / A stateless operator processes each event alone, but most real streaming tasks need memory / of past events.",chapter material or chapter divider,b10/ch06,Each key carries a memory,planned; implementation and coverage review pending
b10,Lession_10_Data_Engineering_Transformation_Layer_2_Stream.pdf,54,How Stateful Stream Processing Works / Input / Events Operator,chapter material or chapter divider,b10/ch06,Each key carries a memory,planned; implementation and coverage review pending
b10,Lession_10_Data_Engineering_Transformation_Layer_2_Stream.pdf,55,State Types,chapter material or chapter divider,b10/ch06,Each key carries a memory,planned; implementation and coverage review pending
b10,Lession_10_Data_Engineering_Transformation_Layer_2_Stream.pdf,56,Types of State: Keyed State / Keyed state is state stored separately for each key after keyBy() / ● Each key has its own independent state.,chapter material or chapter divider,b10/ch06,Each key carries a memory,planned; implementation and coverage review pending
b10,Lession_10_Data_Engineering_Transformation_Layer_2_Stream.pdf,57,"Types of State: Operator State / Operator state (not yet implemented in PyFlink) belongs to one operator instance, not to / individual keys. In the documentation, it is mentioned that this type is not used in most cases.",chapter material or chapter divider,b10/ch06,Each key carries a memory,planned; implementation and coverage review pending
b10,Lession_10_Data_Engineering_Transformation_Layer_2_Stream.pdf,58,Checkpoints / & Recovery,chapter material or chapter divider,b10/ch07,Recover a consistent past,planned; implementation and coverage review pending
b10,Lession_10_Data_Engineering_Transformation_Layer_2_Stream.pdf,59,Checkpointing Concept / ● A checkpoint is a consistent snapshot of Flink state taken while the / job keeps running.,chapter material or chapter divider,b10/ch07,Recover a consistent past,planned; implementation and coverage review pending
b10,Lession_10_Data_Engineering_Transformation_Layer_2_Stream.pdf,60,How Checkpoint Barriers Work / JobManager triggers Checkpoint N / periodically,chapter material or chapter divider,b10/ch07,Recover a consistent past,planned; implementation and coverage review pending
b10,Lession_10_Data_Engineering_Transformation_Layer_2_Stream.pdf,61,"Fault Recovery / When a failure happens, Flink restores the job from the latest completed checkpoint instead of / restarting from the beginning.",chapter material or chapter divider,b10/ch07,Recover a consistent past,planned; implementation and coverage review pending
b10,Lession_10_Data_Engineering_Transformation_Layer_2_Stream.pdf,62,Optimizatio / n / Techniques,chapter material or chapter divider,b10/ch08,Remove the handoffs that do no work,planned; implementation and coverage review pending
b10,Lession_10_Data_Engineering_Transformation_Layer_2_Stream.pdf,63,Categories of Optimization Techniques / Flink performance depends on / ● Watermark strategy affects latency and completeness.,chapter material or chapter divider,b10/ch08,Remove the handoffs that do no work,planned; implementation and coverage review pending
b10,Lession_10_Data_Engineering_Transformation_Layer_2_Stream.pdf,64,Operator Chaining / Operator chaining allows multiple compatible operators to run in the same task slot and / execution chain.,chapter material or chapter divider,b10/ch08,Remove the handoffs that do no work,planned; implementation and coverage review pending
b10,Lession_10_Data_Engineering_Transformation_Layer_2_Stream.pdf,65,"Without Operator Chaining / Without chaining, each operator runs separately and sends / records through buffers and network steps.",chapter material or chapter divider,b10/ch08,Remove the handoffs that do no work,planned; implementation and coverage review pending
b10,Lession_10_Data_Engineering_Transformation_Layer_2_Stream.pdf,66,"With Operator Chaining / With chaining, compatible operators can run in the same / execution chain.",chapter material or chapter divider,b10/ch08,Remove the handoffs that do no work,planned; implementation and coverage review pending
b10,Lession_10_Data_Engineering_Transformation_Layer_2_Stream.pdf,67,"When to Disable Chaining / Keep chaining on by default, and disable it only when you need better debugging, profiling, or / resource isolation.",chapter material or chapter divider,b10/ch08,Remove the handoffs that do no work,planned; implementation and coverage review pending
b10,Lession_10_Data_Engineering_Transformation_Layer_2_Stream.pdf,68,Backpressure / Backpressure occurs when downstream operators process data slower than upstream / producers.,chapter material or chapter divider,b10/ch09,The bottleneck pushes upstream,planned; implementation and coverage review pending
b10,Lession_10_Data_Engineering_Transformation_Layer_2_Stream.pdf,69,How Backpressure Propagates / Backpressure does not stay at one operator. It travels upstream through the pipeline. / We know how backpressure spreads.,chapter material or chapter divider,b10/ch09,The bottleneck pushes upstream,planned; implementation and coverage review pending
b10,Lession_10_Data_Engineering_Transformation_Layer_2_Stream.pdf,70,Detecting Backpressure / Detection via Flink Web UI: / Status Color Meaning Action,chapter material or chapter divider,b10/ch09,The bottleneck pushes upstream,planned; implementation and coverage review pending
b10,Lession_10_Data_Engineering_Transformation_Layer_2_Stream.pdf,71,Resolving Backpressure / Resolution in order of preference: / ● Scale out the slow operator: increase its parallelism independently (via set_parallelism()),chapter material or chapter divider,b10/ch09,The bottleneck pushes upstream,planned; implementation and coverage review pending
b10,Lession_10_Data_Engineering_Transformation_Layer_2_Stream.pdf,72,Deployment / Modes,chapter material or chapter divider,b10/ch10,Choose the failure boundary,planned; implementation and coverage review pending
b10,Lession_10_Data_Engineering_Transformation_Layer_2_Stream.pdf,73,Deployment Mode Types / Two major deployment modes exist. / Session Mode Application Mode,chapter material or chapter divider,b10/ch10,Choose the failure boundary,planned; implementation and coverage review pending
b10,Lession_10_Data_Engineering_Transformation_Layer_2_Stream.pdf,74,fullstackdatascience.com / References / • Stream Processing with Apache Flink,references,source-analysis.md,Original reference list retained in authoring audit,planned; implementation and coverage review pending
b10,Lession_10_Data_Engineering_Transformation_Layer_2_Stream.pdf,75,Thank you,closing,b10/summary,Closing page,planned; implementation and coverage review pending
b11,Lession_11_Data_Engineering_Consumption_Layer_2.pdf,1,Data Engineering / Consumption / Layer,cover,b11/hero,Source identity / course introduction,planned; implementation and coverage review pending
b11,Lession_11_Data_Engineering_Consumption_Layer_2.pdf,2,Learn / About / Data Warehouse 01/,agenda,b11/navigation,"Agenda, including named-only supplements",planned; implementation and coverage review pending
b11,Lession_11_Data_Engineering_Consumption_Layer_2.pdf,3,Data / Warehouse,chapter material or chapter divider,b11/ch01,A warehouse answers a different question,planned; implementation and coverage review pending
b11,Lession_11_Data_Engineering_Consumption_Layer_2.pdf,4,"What is a Data Warehouse? / ● A data warehouse is a central repository of cleaned, structured, and trusted data. / ● It integrates data from multiple sources into one place to create a single source of truth.",chapter material or chapter divider,b11/ch01,A warehouse answers a different question,planned; implementation and coverage review pending
b11,Lession_11_Data_Engineering_Consumption_Layer_2.pdf,5,How Data Gets into a Data Warehouse / Data / Sources Staging area,chapter material or chapter divider,b11/ch01,A warehouse answers a different question,planned; implementation and coverage review pending
b11,Lession_11_Data_Engineering_Consumption_Layer_2.pdf,6,Data / Modelling,chapter material or chapter divider,b11/ch01,A warehouse answers a different question,planned; implementation and coverage review pending
b11,Lession_11_Data_Engineering_Consumption_Layer_2.pdf,7,Two Approaches to Logical Modeling / Data can be organized in multiple ways at the logical level. The right choice depends on one / question: what will this database be used for?,chapter material or chapter divider,b11/ch01,A warehouse answers a different question,planned; implementation and coverage review pending
b11,Lession_11_Data_Engineering_Consumption_Layer_2.pdf,8,ER Modeling for OLTP / Designing databases for day-to-day operations / ER Modeling (Entity-Relationship Modeling) designs a database by identifying:,chapter material or chapter divider,b11/ch02,Separate entities without losing the order,planned; implementation and coverage review pending
b11,Lession_11_Data_Engineering_Consumption_Layer_2.pdf,9,"Normal Forms - The Path to 3NF / 1st Normal Form (1NF): Atomic Values / The rule: Each table cell must contain a single, indivisible value, and there must be no repeating groups",chapter material or chapter divider,b11/ch02,Separate entities without losing the order,planned; implementation and coverage review pending
b11,Lession_11_Data_Engineering_Consumption_Layer_2.pdf,10,2NF Example / 2nd Normal Form (2NF): No Partial Dependencies / ● The rule: 1NF + all non-key columns must depend on the entire primary key (applies to tables with,chapter material or chapter divider,b11/ch02,Separate entities without losing the order,planned; implementation and coverage review pending
b11,Lession_11_Data_Engineering_Consumption_Layer_2.pdf,11,3NF Example / Table after 2NF - / still violates 3NF:,chapter material or chapter divider,b11/ch02,Separate entities without losing the order,planned; implementation and coverage review pending
b11,Lession_11_Data_Engineering_Consumption_Layer_2.pdf,12,Before 3NF: One Big Order Table / Denormalized Table / order,chapter material or chapter divider,b11/ch02,Separate entities without losing the order,planned; implementation and coverage review pending
b11,Lession_11_Data_Engineering_Consumption_Layer_2.pdf,13,Apply 3NF / The big Order_Detail table mixes multiple business entities: / ● Order information,chapter material or chapter divider,b11/ch02,Separate entities without losing the order,planned; implementation and coverage review pending
b11,Lession_11_Data_Engineering_Consumption_Layer_2.pdf,14,After 3NF - Normalized Tables / customer_id customer_name customer_phone / C01 Anna 0901,chapter material or chapter divider,b11/ch02,Separate entities without losing the order,planned; implementation and coverage review pending
b11,Lession_11_Data_Engineering_Consumption_Layer_2.pdf,15,Why Analytics Needs a Different Model / What works for OLTP becomes expensive for reporting / Why ER modeling is good for OLTP,chapter material or chapter divider,b11/ch02,Separate entities without losing the order,planned; implementation and coverage review pending
b11,Lession_11_Data_Engineering_Consumption_Layer_2.pdf,16,"Dimension / Modeling / Fact, Dimension Tables02/",chapter material or chapter divider,b11/ch03,Declare what one row means,planned; implementation and coverage review pending
b11,Lession_11_Data_Engineering_Consumption_Layer_2.pdf,17,"Dimensional Modeling / Dimensional modeling organizes enterprise data into structures designed specifically for / high-performance analytical querying, rather than transactional processing.",chapter material or chapter divider,b11/ch03,Declare what one row means,planned; implementation and coverage review pending
b11,Lession_11_Data_Engineering_Consumption_Layer_2.pdf,18,"Role of Dimensional Modeling / In the Consumption Layer, dimensional models transform processed data into structures / optimized for analytics and decision-making.",chapter material or chapter divider,b11/ch03,Declare what one row means,planned; implementation and coverage review pending
b11,Lession_11_Data_Engineering_Consumption_Layer_2.pdf,19,Fact Tables / Fact table components: / ● Fact keys: Foreign keys referencing dimensions,chapter material or chapter divider,b11/ch03,Declare what one row means,planned; implementation and coverage review pending
b11,Lession_11_Data_Engineering_Consumption_Layer_2.pdf,20,Fact Tables / Characteristics: / ● Contains numeric metrics,chapter material or chapter divider,b11/ch03,Declare what one row means,planned; implementation and coverage review pending
b11,Lession_11_Data_Engineering_Consumption_Layer_2.pdf,21,"Fact Table Components / - Fact keys: Foreign keys referencing dimensions / - Measures: Numeric metrics, Additive or semi-additive.",chapter material or chapter divider,b11/ch03,Declare what one row means,planned; implementation and coverage review pending
b11,Lession_11_Data_Engineering_Consumption_Layer_2.pdf,22,Dimension Tables / Dimension table characteristics: / ● Smaller than fact tables,chapter material or chapter divider,b11/ch03,Declare what one row means,planned; implementation and coverage review pending
b11,Lession_11_Data_Engineering_Consumption_Layer_2.pdf,23,Star Schema / Advantages: / ● Simple structure,chapter material or chapter divider,b11/ch04,The shape changes the joins,planned; implementation and coverage review pending
b11,Lession_11_Data_Engineering_Consumption_Layer_2.pdf,24,"● At each dimension, it can be divided into multiple related tables (sub-dimensions), creating a / snowflake shape. / ● In a star schema, you might have one DIM_CUSTOMER table with all attributes: customer_id,",chapter material or chapter divider,b11/ch04,The shape changes the joins,planned; implementation and coverage review pending
b11,Lession_11_Data_Engineering_Consumption_Layer_2.pdf,25,Star Schema vs. Snowflake Schema / Star Schema Snowflake Schema / Structure Fact table connects directly to all dimension,chapter material or chapter divider,b11/ch04,The shape changes the joins,planned; implementation and coverage review pending
b11,Lession_11_Data_Engineering_Consumption_Layer_2.pdf,26,Slowly / Changing / Dimensions,chapter material or chapter divider,b11/ch05,A customer changes; history must choose,planned; implementation and coverage review pending
b11,Lession_11_Data_Engineering_Consumption_Layer_2.pdf,27,Slowly Changing Dimensions (SCD) / ● Slowly Changing Dimensions describe methods for managing / historical changes in dimension data.,chapter material or chapter divider,b11/ch05,A customer changes; history must choose,planned; implementation and coverage review pending
b11,Lession_11_Data_Engineering_Consumption_Layer_2.pdf,28,"● Type 0: Dimension is never updated (Change in data should not impact the dimension) / ○ Example: Peter Pan lives in the UK, so he normally pays in GBP, just a few times in / USD or VND. Due to that reason, the currency hardly changes.",chapter material or chapter divider,b11/ch05,A customer changes; history must choose,planned; implementation and coverage review pending
b11,Lession_11_Data_Engineering_Consumption_Layer_2.pdf,29,"● Type 1: Dimension is overwritten / ○ Example: Now, USD replaces GBP. / ○ Use case: Not much, since it deletes the data",chapter material or chapter divider,b11/ch05,A customer changes; history must choose,planned; implementation and coverage review pending
b11,Lession_11_Data_Engineering_Consumption_Layer_2.pdf,30,Primary Key Customer / Name / Currency Surrogate,chapter material or chapter divider,b11/ch05,A customer changes; history must choose,planned; implementation and coverage review pending
b11,Lession_11_Data_Engineering_Consumption_Layer_2.pdf,31,"● Type 3: Like Type 2, but adding columns instead of rows. This pattern also / reduces complexity by reducing some metadata columns such as “delete_flag” / Primary Key Customer Name Currency",chapter material or chapter divider,b11/ch05,A customer changes; history must choose,planned; implementation and coverage review pending
b11,Lession_11_Data_Engineering_Consumption_Layer_2.pdf,32,Current table: / Type 4 - Maintain A History Table / Primary Key Customer Name,chapter material or chapter divider,b11/ch05,A customer changes; history must choose,planned; implementation and coverage review pending
b11,Lession_11_Data_Engineering_Consumption_Layer_2.pdf,33,SCD Type 6: Type 1 + Type 2 + Type 3 / Surrogate / Key,chapter material or chapter divider,b11/ch05,A customer changes; history must choose,planned; implementation and coverage review pending
b11,Lession_11_Data_Engineering_Consumption_Layer_2.pdf,34,When to Use What? / Type Strategy History Kept? Use Cases / Type 1,chapter material or chapter divider,b11/ch05,A customer changes; history must choose,planned; implementation and coverage review pending
b11,Lession_11_Data_Engineering_Consumption_Layer_2.pdf,35,Data Vault,chapter material or chapter divider,b11/ch06,Keep business keys and history apart,planned; implementation and coverage review pending
b11,Lession_11_Data_Engineering_Consumption_Layer_2.pdf,36,"● Dimensional Modeling is excellent for analytics / consumption - but it requires clean, integrated data / to work well.",chapter material or chapter divider,b11/ch06,Keep business keys and history apart,planned; implementation and coverage review pending
b11,Lession_11_Data_Engineering_Consumption_Layer_2.pdf,37,Component Meaning Example / Hub / (business keys),chapter material or chapter divider,b11/ch06,Keep business keys and history apart,planned; implementation and coverage review pending
b11,Lession_11_Data_Engineering_Consumption_Layer_2.pdf,38,HUB_CUSTOMER / ● CUSTOMER_ID / ● LOAD_DATE,chapter material or chapter divider,b11/ch06,Keep business keys and history apart,planned; implementation and coverage review pending
b11,Lession_11_Data_Engineering_Consumption_Layer_2.pdf,39,Inmon vs / Kimball,chapter material or chapter divider,b11/ch07,Two routes toward shared business meaning,planned; implementation and coverage review pending
b11,Lession_11_Data_Engineering_Consumption_Layer_2.pdf,40,Two approaches have shaped how data warehouses are built. Understanding them helps you / make the right architectural decision. / Two Schools of Thought: Inmon vs Kimball,chapter material or chapter divider,b11/ch07,Two routes toward shared business meaning,planned; implementation and coverage review pending
b11,Lession_11_Data_Engineering_Consumption_Layer_2.pdf,41,The Modern Data Platform: Medallion Architecture / Batch / Streaming,chapter material or chapter divider,b11/ch07,Two routes toward shared business meaning,planned; implementation and coverage review pending
b11,Lession_11_Data_Engineering_Consumption_Layer_2.pdf,42,The Modern Data Platform: Medallion Architecture / Layer Role Modeling / Technique,chapter material or chapter divider,b11/ch07,Two routes toward shared business meaning,planned; implementation and coverage review pending
b11,Lession_11_Data_Engineering_Consumption_Layer_2.pdf,43,OLAP / Engines,chapter material or chapter divider,b11/ch08,Read columns to answer large questions,planned; implementation and coverage review pending
b11,Lession_11_Data_Engineering_Consumption_Layer_2.pdf,44,What Is an OLAP Engine? / ● OLAP (Online Analytical Processing): a query processing system optimized for / aggregation queries on large datasets.,chapter material or chapter divider,b11/ch08,Read columns to answer large questions,planned; implementation and coverage review pending
b11,Lession_11_Data_Engineering_Consumption_Layer_2.pdf,45,OLAP vs OLTP / OLTP OLAP / Full name Online Transaction Processing Online Analytical Processing,chapter material or chapter divider,b11/ch08,Read columns to answer large questions,planned; implementation and coverage review pending
b11,Lession_11_Data_Engineering_Consumption_Layer_2.pdf,46,"ClickHouse Overview / ● Open-source, high-performance columnar database for real-time analytics / ● Can process billions of rows per second",chapter material or chapter divider,b11/ch09,"Two engines, different serving priorities",planned; implementation and coverage review pending
b11,Lession_11_Data_Engineering_Consumption_Layer_2.pdf,47,ClickHouse Architecture / 4 components: / 1. Clickhouse Nodes,chapter material or chapter divider,b11/ch09,"Two engines, different serving priorities",planned; implementation and coverage review pending
b11,Lession_11_Data_Engineering_Consumption_Layer_2.pdf,48,ClickHouse Architecture / ClickHouse Nodes / ClickHouse Architecture,chapter material or chapter divider,b11/ch09,"Two engines, different serving priorities",planned; implementation and coverage review pending
b11,Lession_11_Data_Engineering_Consumption_Layer_2.pdf,49,ClickHouse Architecture / Columnar Storage / ClickHouse architecture,chapter material or chapter divider,b11/ch09,"Two engines, different serving priorities",planned; implementation and coverage review pending
b11,Lession_11_Data_Engineering_Consumption_Layer_2.pdf,50,ClickHouse Architecture / S3-Compatible Object Storage / ClickHouse architecture,chapter material or chapter divider,b11/ch09,"Two engines, different serving priorities",planned; implementation and coverage review pending
b11,Lession_11_Data_Engineering_Consumption_Layer_2.pdf,51,ClickHouse Architecture / ZooKeeper / ClickHouse architecture,chapter material or chapter divider,b11/ch09,"Two engines, different serving priorities",planned; implementation and coverage review pending
b11,Lession_11_Data_Engineering_Consumption_Layer_2.pdf,52,"Apache Pinot / ● Apache Pinot is an open-source, distributed, real-time OLAP datastore designed for ultra / low-latency analytics at high throughput",chapter material or chapter divider,b11/ch09,"Two engines, different serving priorities",planned; implementation and coverage review pending
b11,Lession_11_Data_Engineering_Consumption_Layer_2.pdf,53,Apache Pinot / Apache Pinot Table Types / Apache Pinot supports three logical table types to handle different data velocities:,chapter material or chapter divider,b11/ch09,"Two engines, different serving priorities",planned; implementation and coverage review pending
b11,Lession_11_Data_Engineering_Consumption_Layer_2.pdf,54,"ClickHouse vs Apache Pinot / ClickHouse Apache Pinot / Best for High-throughput batch analytics,",chapter material or chapter divider,b11/ch09,"Two engines, different serving priorities",planned; implementation and coverage review pending
b11,Lession_11_Data_Engineering_Consumption_Layer_2.pdf,55,Feature / Store,chapter material or chapter divider,b11/ch10,A model needs the past as it was,planned; implementation and coverage review pending
b11,Lession_11_Data_Engineering_Consumption_Layer_2.pdf,56,"Scenario: Is This Transaction a Fraud? / { / ""transaction_id"": ""txn_9f3a21c8"",",chapter material or chapter divider,b11/ch10,A model needs the past as it was,planned; implementation and coverage review pending
b11,Lession_11_Data_Engineering_Consumption_Layer_2.pdf,57,The Problem 1: Training-Serving Skew / ● Definition: The feature used to train the model is computed differently from the feature / used when the model runs in production,chapter material or chapter divider,b11/ch10,A model needs the past as it was,planned; implementation and coverage review pending
b11,Lession_11_Data_Engineering_Consumption_Layer_2.pdf,58,"The Problem 2: Duplicated Effort / Multiple teams at the same company need the same feature, but there is no central place to / discover or reuse it.",chapter material or chapter divider,b11/ch10,A model needs the past as it was,planned; implementation and coverage review pending
b11,Lession_11_Data_Engineering_Consumption_Layer_2.pdf,59,"What Is a Feature Store? / A Feature Store is a centralized system that manages feature computation, storage, and / retrieval - acting as the shared layer between data engineering and ML.",chapter material or chapter divider,b11/ch10,A model needs the past as it was,planned; implementation and coverage review pending
b11,Lession_11_Data_Engineering_Consumption_Layer_2.pdf,60,Core Concepts of a Feature Store / Concept What It Does Example / Ingestion Collect data from batch sources (data lakes) or,chapter material or chapter divider,b11/ch10,A model needs the past as it was,planned; implementation and coverage review pending
b11,Lession_11_Data_Engineering_Consumption_Layer_2.pdf,61,How Often Should Features Be Updated? / Not all features need to be equally fresh / The right update frequency depends on how fresh the features need to be and how much,chapter material or chapter divider,b11/ch10,A model needs the past as it was,planned; implementation and coverage review pending
b11,Lession_11_Data_Engineering_Consumption_Layer_2.pdf,62,"Before vs. After a Feature Store / Aspects Without Feature Store With Feature Store / Logic Re-written (SQL for training, Java",chapter material or chapter divider,b11/ch10,A model needs the past as it was,planned; implementation and coverage review pending
b11,Lession_11_Data_Engineering_Consumption_Layer_2.pdf,63,fullstackdatascience.com / References / • Designing Machine Learning Systems,references,source-analysis.md,Original reference list retained in authoring audit,planned; implementation and coverage review pending
b11,Lession_11_Data_Engineering_Consumption_Layer_2.pdf,64,Thank you,closing,b11/summary,Closing page,planned; implementation and coverage review pending
b12,Lession_12_Data_Engineering_Orchestration_Layer.pdf,1,EDAI-1-K9 / Data Engineering / Orchestration,cover,b12/hero,Source identity / course introduction,planned; implementation and coverage review pending
b12,Lession_12_Data_Engineering_Orchestration_Layer.pdf,2,Learn / About Pipeline Orchestration01/ / 02/ Cron Job,agenda,b12/navigation,"Agenda, including named-only supplements",planned; implementation and coverage review pending
b12,Lession_12_Data_Engineering_Orchestration_Layer.pdf,3,Pipeline / Orchestratio / n,chapter material or chapter divider,b12/ch01,Three correct clocks produce one wrong report,planned; implementation and coverage review pending
b12,Lession_12_Data_Engineering_Orchestration_Layer.pdf,4,A Typical Daily Data Pipeline / A simple data pipeline may contain three main steps: / 1. Extract data from source systems,chapter material or chapter divider,b12/ch01,Three correct clocks produce one wrong report,planned; implementation and coverage review pending
b12,Lession_12_Data_Engineering_Orchestration_Layer.pdf,5,The Naive Scheduling Approach / A common beginner solution: / ● 2:00 AM => Extract data,chapter material or chapter divider,b12/ch01,Three correct clocks produce one wrong report,planned; implementation and coverage review pending
b12,Lession_12_Data_Engineering_Orchestration_Layer.pdf,6,Failure Scenario: Delayed Upstream Task / When Time-Based Scheduling Breaks / Scenario:,chapter material or chapter divider,b12/ch01,Three correct clocks produce one wrong report,planned; implementation and coverage review pending
b12,Lession_12_Data_Engineering_Orchestration_Layer.pdf,7,The Core Problem: Coordination / Data pipelines need coordination across tasks. / A pipeline system must know:,chapter material or chapter divider,b12/ch01,Three correct clocks produce one wrong report,planned; implementation and coverage review pending
b12,Lession_12_Data_Engineering_Orchestration_Layer.pdf,8,"Pipeline Orchestration / Definition: / Pipeline Orchestration is the system responsible for coordinating, scheduling, and managing",chapter material or chapter divider,b12/ch01,Three correct clocks produce one wrong report,planned; implementation and coverage review pending
b12,Lession_12_Data_Engineering_Orchestration_Layer.pdf,9,Benefit 1: Dependency Management / Orchestration ensures tasks run in the correct order. / Extract Orders,chapter material or chapter divider,b12/ch01,Three correct clocks produce one wrong report,planned; implementation and coverage review pending
b12,Lession_12_Data_Engineering_Orchestration_Layer.pdf,10,Benefit 1: Dependency Management (cont) / Orchestration can run independent tasks at the same time. / Extract Customers,chapter material or chapter divider,b12/ch01,Three correct clocks produce one wrong report,planned; implementation and coverage review pending
b12,Lession_12_Data_Engineering_Orchestration_Layer.pdf,11,Benefit 2: Automated Scheduling & Triggering / Orchestration can start workflows automatically based on different trigger types. / Scheduling starts the workflow.,chapter material or chapter divider,b12/ch02,A run needs a memory and a recovery path,planned; implementation and coverage review pending
b12,Lession_12_Data_Engineering_Orchestration_Layer.pdf,12,Benefit 3: State Tracking / An orchestrator tracks the state of every task. / Common states:,chapter material or chapter divider,b12/ch02,A run needs a memory and a recovery path,planned; implementation and coverage review pending
b12,Lession_12_Data_Engineering_Orchestration_Layer.pdf,13,"Benefit 4: Failure Handling / When a task fails, orchestration can: / ● stop downstream tasks",chapter material or chapter divider,b12/ch02,A run needs a memory and a recovery path,planned; implementation and coverage review pending
b12,Lession_12_Data_Engineering_Orchestration_Layer.pdf,14,Benefit 5: Resource Coordination / Orchestration helps protect shared systems. / Example problem:,chapter material or chapter divider,b12/ch02,A run needs a memory and a recovery path,planned; implementation and coverage review pending
b12,Lession_12_Data_Engineering_Orchestration_Layer.pdf,15,Beyond The / Cron Job / 01/,chapter material or chapter divider,b12/ch03,A timer cannot judge readiness,planned; implementation and coverage review pending
b12,Lession_12_Data_Engineering_Orchestration_Layer.pdf,16,What is a Cronjob? / A cronjob is a time-based scheduler that runs a script automatically at a specified interval. / ● It is useful when a task only needs a timer.,chapter material or chapter divider,b12/ch03,A timer cannot judge readiness,planned; implementation and coverage review pending
b12,Lession_12_Data_Engineering_Orchestration_Layer.pdf,17,Cronjob’s Limitations for Data Pipelines / Cron Job scheduling often lacks advanced orchestration features. / Limitations:,chapter material or chapter divider,b12/ch03,A timer cannot judge readiness,planned; implementation and coverage review pending
b12,Lession_12_Data_Engineering_Orchestration_Layer.pdf,18,Airflow 01/ / 02/ Airflow Architecture / 03/ Operators & Data Passing,chapter material or chapter divider,b12/ch04,A DAG is a plan; a run is an event,planned; implementation and coverage review pending
b12,Lession_12_Data_Engineering_Orchestration_Layer.pdf,19,What Is Apache Airflow? / Apache Airflow is a workflow orchestration platform. / It helps data teams:,chapter material or chapter divider,b12/ch04,A DAG is a plan; a run is an event,planned; implementation and coverage review pending
b12,Lession_12_Data_Engineering_Orchestration_Layer.pdf,20,What Airflow Is Not / Airflow is not: / ● a database,chapter material or chapter divider,b12/ch04,A DAG is a plan; a run is an event,planned; implementation and coverage review pending
b12,Lession_12_Data_Engineering_Orchestration_Layer.pdf,21,Why Airflow Uses DAGs / A workflow must describe: / ● which tasks exist,chapter material or chapter divider,b12/ch04,A DAG is a plan; a run is an event,planned; implementation and coverage review pending
b12,Lession_12_Data_Engineering_Orchestration_Layer.pdf,22,"DAG, DAG Run, Task Instance / One DAG can have many DAG Runs. / Each DAG Run contains many Task Instances.",chapter material or chapter divider,b12/ch04,A DAG is a plan; a run is an event,planned; implementation and coverage review pending
b12,Lession_12_Data_Engineering_Orchestration_Layer.pdf,23,Airflow Architecture / 1. DAG Files: / ● Define workflow structure as Python code.,chapter material or chapter divider,b12/ch04,A DAG is a plan; a run is an event,planned; implementation and coverage review pending
b12,Lession_12_Data_Engineering_Orchestration_Layer.pdf,24,Airflow Component Interaction / Each component has a single responsibility. / The Metadata Database is the central source,chapter material or chapter divider,b12/ch04,A DAG is a plan; a run is an event,planned; implementation and coverage review pending
b12,Lession_12_Data_Engineering_Orchestration_Layer.pdf,25,"Airflow Operators / Each task is defined as an Operator, and Airflow provides a wide range of built-in Operators for / various tasks, such as running Bash commands, Python scripts, or interacting with databases",chapter material or chapter divider,b12/ch05,"Tasks exchange references, not whole datasets",planned; implementation and coverage review pending
b12,Lession_12_Data_Engineering_Orchestration_Layer.pdf,26,Popular Airflow Operators / Some common Airflow Operators: / Operator What it does Example use case,chapter material or chapter divider,b12/ch05,"Tasks exchange references, not whole datasets",planned; implementation and coverage review pending
b12,Lession_12_Data_Engineering_Orchestration_Layer.pdf,27,Sensors: Waiting for Conditions / A Sensor is a special type of Operator that waits for a condition. / Examples:,chapter material or chapter divider,b12/ch05,"Tasks exchange references, not whole datasets",planned; implementation and coverage review pending
b12,Lession_12_Data_Engineering_Orchestration_Layer.pdf,28,Why Task Communication Is Needed / One task may produce information another task needs. / Examples:,chapter material or chapter divider,b12/ch05,"Tasks exchange references, not whole datasets",planned; implementation and coverage review pending
b12,Lession_12_Data_Engineering_Orchestration_Layer.pdf,29,What Is XCom? / XCom (short for cross-communication) is Airflow's built-in mechanism for tasks to push and / pull small values between each other.,chapter material or chapter divider,b12/ch05,"Tasks exchange references, not whole datasets",planned; implementation and coverage review pending
b12,Lession_12_Data_Engineering_Orchestration_Layer.pdf,30,Airflow / Administration / & Scaling,chapter material or chapter divider,b12/ch06,Protect the systems beneath the scheduler,planned; implementation and coverage review pending
b12,Lession_12_Data_Engineering_Orchestration_Layer.pdf,31,Variables & Connections: No Hardcoding / Hardcoded in DAG file / Password = abc123“ host= “prod-db” Variables,chapter material or chapter divider,b12/ch06,Protect the systems beneath the scheduler,planned; implementation and coverage review pending
b12,Lession_12_Data_Engineering_Orchestration_Layer.pdf,32,"Executors: Choosing the Execution Mode / Airflow supports multiple execution modes. / Even with the right executor, running too many tasks at once can break shared systems. That is why we need concurrency control.",chapter material or chapter divider,b12/ch06,Protect the systems beneath the scheduler,planned; implementation and coverage review pending
b12,Lession_12_Data_Engineering_Orchestration_Layer.pdf,33,"Why Concurrency Control Matters / ● By default, we may want tasks to run as fast as possible. / ● But too much parallelism can overload shared systems.",chapter material or chapter divider,b12/ch06,Protect the systems beneath the scheduler,planned; implementation and coverage review pending
b12,Lession_12_Data_Engineering_Orchestration_Layer.pdf,34,Three Levels of Concurrency / Global level - parallelism setting / Max tasks running across the entire Airflow system at once. Set in airflow.cfg,chapter material or chapter divider,b12/ch06,Protect the systems beneath the scheduler,planned; implementation and coverage review pending
b12,Lession_12_Data_Engineering_Orchestration_Layer.pdf,35,Global-Level Control: parallelism / parallelism controls the maximum number of task instances that can run across the entire / Airflow environment.,chapter material or chapter divider,b12/ch06,Protect the systems beneath the scheduler,planned; implementation and coverage review pending
b12,Lession_12_Data_Engineering_Orchestration_Layer.pdf,36,DAG-Level Control: max_active_runs / max_active_runs limits how many DAG Runs of the same DAG can be active at the same time. / It answers:,chapter material or chapter divider,b12/ch06,Protect the systems beneath the scheduler,planned; implementation and coverage review pending
b12,Lession_12_Data_Engineering_Orchestration_Layer.pdf,37,Resource-Level Control: Pools / Pools define the number of worker slots for each pool / Example:,chapter material or chapter divider,b12/ch06,Protect the systems beneath the scheduler,planned; implementation and coverage review pending
b12,Lession_12_Data_Engineering_Orchestration_Layer.pdf,38,Monitoring: Knowing Before Someone Tell You / Alerts / Email or Slack on failure or retry,chapter material or chapter divider,b12/ch06,Protect the systems beneath the scheduler,planned; implementation and coverage review pending
b12,Lession_12_Data_Engineering_Orchestration_Layer.pdf,39,Data / Validation / Why Bad Data is Dangerous01/,chapter material or chapter divider,b12/ch07,Green tasks can still carry bad data,planned; implementation and coverage review pending
b12,Lession_12_Data_Engineering_Orchestration_Layer.pdf,40,"Why Bad Data Is Dangerous / ● According to Gartner, bad data quality costs organizations an average of $11.8M / per year",chapter material or chapter divider,b12/ch07,Green tasks can still carry bad data,planned; implementation and coverage review pending
b12,Lession_12_Data_Engineering_Orchestration_Layer.pdf,41,What Is Bad Data? / Data is bad when it is not fit for its intended use. / Common examples:,chapter material or chapter divider,b12/ch07,Green tasks can still carry bad data,planned; implementation and coverage review pending
b12,Lession_12_Data_Engineering_Orchestration_Layer.pdf,42,Six Data Quality Dimensions / How do we know if the data quality is high? / Dimension Description Example,chapter material or chapter divider,b12/ch07,Green tasks can still carry bad data,planned; implementation and coverage review pending
b12,Lession_12_Data_Engineering_Orchestration_Layer.pdf,43,From Quality Dimensions to Validation Rules / Data validation means turning quality expectations into / executable checks.,chapter material or chapter divider,b12/ch07,Green tasks can still carry bad data,planned; implementation and coverage review pending
b12,Lession_12_Data_Engineering_Orchestration_Layer.pdf,44,Data Quality Improvement Lifecycle / Business case / Data discovery,chapter material or chapter divider,b12/ch08,Quality improves through a feedback loop,planned; implementation and coverage review pending
b12,Lession_12_Data_Engineering_Orchestration_Layer.pdf,45,Example of The Life Cycle (1) / ● Business case: A retail company. / ● Data discovery & profiling:,chapter material or chapter divider,b12/ch08,Quality improves through a feedback loop,planned; implementation and coverage review pending
b12,Lession_12_Data_Engineering_Orchestration_Layer.pdf,46,Example of the Life Cycle (2) / ● Monitoring: / A data quality dashboard is set up:,chapter material or chapter divider,b12/ch08,Quality improves through a feedback loop,planned; implementation and coverage review pending
b12,Lession_12_Data_Engineering_Orchestration_Layer.pdf,47,"Data Quality Monitoring Requirements / A successful data quality monitoring strategy must ensure 4 monitoring dimensions: / ● Detect quality issues at multiple levels: tables, rows and columns",chapter material or chapter divider,b12/ch08,Quality improves through a feedback loop,planned; implementation and coverage review pending
b12,Lession_12_Data_Engineering_Orchestration_Layer.pdf,48,Approaches to Detect Data Quality Issues / Common approaches: / ● Manual method:,chapter material or chapter divider,b12/ch08,Quality improves through a feedback loop,planned; implementation and coverage review pending
b12,Lession_12_Data_Engineering_Orchestration_Layer.pdf,49,Why Validation Belongs Inside Orchestration / Validation should not be separate from the pipeline. / A validation task should decide:,chapter material or chapter divider,b12/ch09,A failed check must change execution,planned; implementation and coverage review pending
b12,Lession_12_Data_Engineering_Orchestration_Layer.pdf,50,The Problem: Bad Data Flowing Downstream / You run a data quality check. It fails. But your pipeline keeps running anyway - because nobody / told it to stop.,chapter material or chapter divider,b12/ch09,A failed check must change execution,planned; implementation and coverage review pending
b12,Lession_12_Data_Engineering_Orchestration_Layer.pdf,51,"The Circuit Breaker Pattern / ● In electrical systems, a circuit breaker cuts power when a fault is detected - before the / fault damages the rest of the circuit.",chapter material or chapter divider,b12/ch09,A failed check must change execution,planned; implementation and coverage review pending
b12,Lession_12_Data_Engineering_Orchestration_Layer.pdf,52,Circuit Breaker in Airflow / A circuit breaker workflow usually contains: / But what if we could prevent bad data from being produced in the first place? That's what data contracts are for.,chapter material or chapter divider,b12/ch09,A failed check must change execution,planned; implementation and coverage review pending
b12,Lession_12_Data_Engineering_Orchestration_Layer.pdf,53,The Problem Data Contracts Solve / Downstream pipelines break when upstream data changes unexpectedly. / A data contract makes this agreement explicit and enforceable.,chapter material or chapter divider,b12/ch10,Make the agreement executable,planned; implementation and coverage review pending
b12,Lession_12_Data_Engineering_Orchestration_Layer.pdf,54,Data Contracts / ● A data contract is a formal agreement between the team that produces data and the team / that consumes it.,chapter material or chapter divider,b12/ch10,Make the agreement executable,planned; implementation and coverage review pending
b12,Lession_12_Data_Engineering_Orchestration_Layer.pdf,55,What a Data Contract Defines / Property Example / Schema Column user_id must exist and be type INTEGER,chapter material or chapter divider,b12/ch10,Make the agreement executable,planned; implementation and coverage review pending
b12,Lession_12_Data_Engineering_Orchestration_Layer.pdf,56,Validation Frameworks / Now let’s look at tools and frameworks that help implement these ideas. / Common validation tools:,chapter material or chapter divider,b12/ch10,Make the agreement executable,planned; implementation and coverage review pending
b12,Lession_12_Data_Engineering_Orchestration_Layer.pdf,57,"Great Expectations (GX) / GX is a data validation framework that helps teams define and run data quality rules. / In GX, a validation rule is called an Expectation.",chapter material or chapter divider,b12/ch10,Make the agreement executable,planned; implementation and coverage review pending
b12,Lession_12_Data_Engineering_Orchestration_Layer.pdf,58,GX in Airflow: Validation as a Pipeline Gate / GX can be used inside an Airflow DAG as a validation step. / Example workflow:,chapter material or chapter divider,b12/ch10,Make the agreement executable,planned; implementation and coverage review pending
b12,Lession_12_Data_Engineering_Orchestration_Layer.pdf,59,Deequ / Deequ is a data quality library built for Apache Spark. / It is well suited for:,chapter material or chapter divider,b12/ch10,Make the agreement executable,planned; implementation and coverage review pending
b12,Lession_12_Data_Engineering_Orchestration_Layer.pdf,60,"Deequ: Advanced Features / GX and Deequ help validate data inside pipelines. / But in large data platforms, teams also need metadata, ownership, and lineage visibility.",chapter material or chapter divider,b12/ch10,Make the agreement executable,planned; implementation and coverage review pending
b12,Lession_12_Data_Engineering_Orchestration_Layer.pdf,61,DataHub / DataHub helps teams manage metadata across the data platform. [Demo] / It can track:,chapter material or chapter divider,b12/ch10,Make the agreement executable,planned; implementation and coverage review pending
b12,Lession_12_Data_Engineering_Orchestration_Layer.pdf,62,fullstackdatascience.com / References / ● Data Quality Fundamentals,references,source-analysis.md,Original reference list retained in authoring audit,planned; implementation and coverage review pending
b12,Lession_12_Data_Engineering_Orchestration_Layer.pdf,63,Thank you,closing,b12/summary,Closing page,planned; implementation and coverage review pending
